Doctor_ID,Doctor_Name,Specialty,Primary_Facility_ID,Primary_Facility_Name,Emirate,Grade,Years_Experience,Doctor_Status
DOC00001,,,,,,,,
DOC00002,,,,,,,,
DOC00003,,,,,,,,
DOC00004,,,,,,,,
DOC00005,,,,,,,,
DOC00006,,,,,,,,
DOC00007,,,,,,,,
DOC00008,,,,,,,,
DOC00009,,,,,,,,
DOC00010,,,,,,,,
DOC00011,,,,,,,,
DOC00012,,,,,,,,
DOC00013,,,,,,,,
DOC00014,,,,,,,,
DOC00015,,,,,,,,
DOC00016,,,,,,,,
DOC00017,,,,,,,,
DOC00018,,,,,,,,
DOC00019,,,,,,,,
DOC00020,,,,,,,,
DOC00021,,,,,,,,
DOC00022,,,,,,,,
DOC00023,,,,,,,,
DOC00024,,,,,,,,
DOC00025,,,,,,,,
DOC00026,,,,,,,,
DOC00027,,,,,,,,
DOC00028,,,,,,,,
DOC00029,,,,,,,,
DOC00030,,,,,,,,
DOC00031,,,,,,,,
DOC00032,,,,,,,,
DOC00033,,,,,,,,
DOC00034,,,,,,,,
DOC00035,,,,,,,,
DOC00036,,,,,,,,
DOC00037,,,,,,,,
DOC00038,,,,,,,,
DOC00039,,,,,,,,
DOC00040,,,,,,,,
DOC00041,,,,,,,,
DOC00042,,,,,,,,
DOC00043,,,,,,,,
DOC00044,,,,,,,,
DOC00045,,,,,,,,
DOC00046,,,,,,,,
DOC00047,,,,,,,,
DOC00048,,,,,,,,
DOC00049,,,,,,,,
DOC00050,,,,,,,,
DOC00051,,,,,,,,
DOC00052,,,,,,,,
DOC00053,,,,,,,,
DOC00054,,,,,,,,
DOC00055,,,,,,,,
DOC00056,,,,,,,,
DOC00057,,,,,,,,
DOC00058,,,,,,,,
DOC00059,,,,,,,,
DOC00060,,,,,,,,
DOC00061,,,,,,,,
DOC00062,,,,,,,,
DOC00063,,,,,,,,
DOC00064,,,,,,,,
DOC00065,,,,,,,,
DOC00066,,,,,,,,
DOC00067,,,,,,,,
DOC00068,,,,,,,,
DOC00069,,,,,,,,
DOC00070,,,,,,,,
DOC00071,,,,,,,,
DOC00072,,,,,,,,
DOC00073,,,,,,,,
DOC00074,,,,,,,,
DOC00075,,,,,,,,
DOC00076,,,,,,,,
DOC00077,,,,,,,,
DOC00078,,,,,,,,
DOC00079,,,,,,,,
DOC00080,,,,,,,,
DOC00081,,,,,,,,
DOC00082,,,,,,,,
DOC00083,,,,,,,,
DOC00084,,,,,,,,
DOC00085,,,,,,,,
DOC00086,,,,,,,,
DOC00087,,,,,,,,
DOC00088,,,,,,,,
DOC00089,,,,,,,,
DOC00090,,,,,,,,
DOC00091,,,,,,,,
DOC00092,,,,,,,,
DOC00093,,,,,,,,
DOC00094,,,,,,,,
DOC00095,,,,,,,,
DOC00096,,,,,,,,
DOC00097,,,,,,,,
DOC00098,,,,,,,,
DOC00099,,,,,,,,
DOC00100,,,,,,,,
DOC00101,,,,,,,,
DOC00102,,,,,,,,
DOC00103,,,,,,,,
DOC00104,,,,,,,,
DOC00105,,,,,,,,
DOC00106,,,,,,,,
DOC00107,,,,,,,,
DOC00108,,,,,,,,
DOC00109,,,,,,,,
DOC00110,,,,,,,,
DOC00111,,,,,,,,
DOC00112,,,,,,,,
DOC00113,,,,,,,,
DOC00114,,,,,,,,
DOC00115,,,,,,,,
DOC00116,,,,,,,,
DOC00117,,,,,,,,
DOC00118,,,,,,,,
DOC00119,,,,,,,,
DOC00120,,,,,,,,
DOC00121,,,,,,,,
DOC00122,,,,,,,,
DOC00123,,,,,,,,
DOC00124,,,,,,,,
DOC00125,,,,,,,,
DOC00126,,,,,,,,
DOC00127,,,,,,,,
DOC00128,,,,,,,,
DOC00129,,,,,,,,
DOC00130,,,,,,,,
DOC00131,,,,,,,,
DOC00132,,,,,,,,
DOC00133,,,,,,,,
DOC00134,,,,,,,,
DOC00135,,,,,,,,
DOC00136,,,,,,,,
DOC00137,,,,,,,,
DOC00138,,,,,,,,
DOC00139,,,,,,,,
DOC00140,,,,,,,,
DOC00141,,,,,,,,
DOC00142,,,,,,,,
DOC00143,,,,,,,,
DOC00144,,,,,,,,
DOC00145,,,,,,,,
DOC00146,,,,,,,,
DOC00147,,,,,,,,
DOC00148,,,,,,,,
DOC00149,,,,,,,,
DOC00150,,,,,,,,
DOC00151,,,,,,,,
DOC00152,,,,,,,,
DOC00153,,,,,,,,
DOC00154,,,,,,,,
DOC00155,,,,,,,,
DOC00156,,,,,,,,
DOC00157,,,,,,,,
DOC00158,,,,,,,,
DOC00159,,,,,,,,
DOC00160,,,,,,,,
DOC00161,,,,,,,,
DOC00162,,,,,,,,
DOC00163,,,,,,,,
DOC00164,,,,,,,,
DOC00165,,,,,,,,
DOC00166,,,,,,,,
DOC00167,,,,,,,,
DOC00168,,,,,,,,
DOC00169,,,,,,,,
DOC00170,,,,,,,,
DOC00171,,,,,,,,
DOC00172,,,,,,,,
DOC00173,,,,,,,,
DOC00174,,,,,,,,
DOC00175,,,,,,,,
DOC00176,,,,,,,,
DOC00177,,,,,,,,
DOC00178,,,,,,,,
DOC00179,,,,,,,,
DOC00180,,,,,,,,
DOC00181,,,,,,,,
DOC00182,,,,,,,,
DOC00183,,,,,,,,
DOC00184,,,,,,,,
DOC00185,,,,,,,,
DOC00186,,,,,,,,
DOC00187,,,,,,,,
DOC00188,,,,,,,,
DOC00189,,,,,,,,
DOC00190,,,,,,,,
DOC00191,,,,,,,,
DOC00192,,,,,,,,
DOC00193,,,,,,,,
DOC00194,,,,,,,,
DOC00195,,,,,,,,
DOC00196,,,,,,,,
DOC00197,,,,,,,,
DOC00198,,,,,,,,
DOC00199,,,,,,,,
DOC00200,,,,,,,,
DOC00201,,,,,,,,
DOC00202,,,,,,,,
DOC00203,,,,,,,,
DOC00204,,,,,,,,
DOC00205,,,,,,,,
DOC00206,,,,,,,,
DOC00207,,,,,,,,
DOC00208,,,,,,,,
DOC00209,,,,,,,,
DOC00210,,,,,,,,
DOC00211,,,,,,,,
DOC00212,,,,,,,,
DOC00213,,,,,,,,
DOC00214,,,,,,,,
DOC00215,,,,,,,,
DOC00216,,,,,,,,
DOC00217,,,,,,,,
DOC00218,,,,,,,,
DOC00219,,,,,,,,
DOC00220,,,,,,,,
DOC00221,,,,,,,,
DOC00222,,,,,,,,
DOC00223,,,,,,,,
DOC00224,,,,,,,,
DOC00225,,,,,,,,
DOC00226,,,,,,,,
DOC00227,,,,,,,,
DOC00228,,,,,,,,
DOC00229,,,,,,,,
DOC00230,,,,,,,,
DOC00231,,,,,,,,
DOC00232,,,,,,,,
DOC00233,,,,,,,,
DOC00234,,,,,,,,
DOC00235,,,,,,,,
DOC00236,,,,,,,,
DOC00237,,,,,,,,
DOC00238,,,,,,,,
DOC00239,,,,,,,,
DOC00240,,,,,,,,
DOC00241,,,,,,,,
DOC00242,,,,,,,,
DOC00243,,,,,,,,
DOC00244,,,,,,,,
DOC00245,,,,,,,,
DOC00246,,,,,,,,
DOC00247,,,,,,,,
DOC00248,,,,,,,,
DOC00249,,,,,,,,
DOC00250,,,,,,,,
DOC00251,,,,,,,,
DOC00252,,,,,,,,
DOC00253,,,,,,,,
DOC00254,,,,,,,,
DOC00255,,,,,,,,
DOC00256,,,,,,,,
DOC00257,,,,,,,,
DOC00258,,,,,,,,
DOC00259,,,,,,,,
DOC00260,,,,,,,,
DOC00261,,,,,,,,
DOC00262,,,,,,,,
DOC00263,,,,,,,,
DOC00264,,,,,,,,
DOC00265,,,,,,,,
DOC00266,,,,,,,,
DOC00267,,,,,,,,
DOC00268,,,,,,,,
DOC00269,,,,,,,,
DOC00270,,,,,,,,
DOC00271,,,,,,,,
DOC00272,,,,,,,,
DOC00273,,,,,,,,
DOC00274,,,,,,,,
DOC00275,,,,,,,,
DOC00276,,,,,,,,
DOC00277,,,,,,,,
DOC00278,,,,,,,,
DOC00279,,,,,,,,
DOC00280,,,,,,,,
DOC00281,,,,,,,,
DOC00282,,,,,,,,
DOC00283,,,,,,,,
DOC00284,,,,,,,,
DOC00285,,,,,,,,
DOC00286,,,,,,,,
DOC00287,,,,,,,,
DOC00288,,,,,,,,
DOC00289,,,,,,,,
DOC00290,,,,,,,,
DOC00291,,,,,,,,
DOC00292,,,,,,,,
DOC00293,,,,,,,,
DOC00294,,,,,,,,
DOC00295,,,,,,,,
DOC00296,,,,,,,,
DOC00297,,,,,,,,
DOC00298,,,,,,,,
DOC00299,,,,,,,,
DOC00300,,,,,,,,
DOC00301,,,,,,,,
DOC00302,,,,,,,,
DOC00303,,,,,,,,
DOC00304,,,,,,,,
DOC00305,,,,,,,,
DOC00306,,,,,,,,
DOC00307,,,,,,,,
DOC00308,,,,,,,,
DOC00309,,,,,,,,
DOC00310,,,,,,,,
DOC00311,,,,,,,,
DOC00312,,,,,,,,
DOC00313,,,,,,,,
DOC00314,,,,,,,,
DOC00315,,,,,,,,
DOC00316,,,,,,,,
DOC00317,,,,,,,,
DOC00318,,,,,,,,
DOC00319,,,,,,,,
DOC00320,,,,,,,,
DOC00321,,,,,,,,
DOC00322,,,,,,,,
DOC00323,,,,,,,,
DOC00324,,,,,,,,
DOC00325,,,,,,,,
DOC00326,,,,,,,,
DOC00327,,,,,,,,
DOC00328,,,,,,,,
DOC00329,,,,,,,,
DOC00330,,,,,,,,
DOC00331,,,,,,,,
DOC00332,,,,,,,,
DOC00333,,,,,,,,
DOC00334,,,,,,,,
DOC00335,,,,,,,,
DOC00336,,,,,,,,
DOC00337,,,,,,,,
DOC00338,,,,,,,,
DOC00339,,,,,,,,
DOC00340,,,,,,,,
DOC00341,,,,,,,,
DOC00342,,,,,,,,
DOC00343,,,,,,,,
DOC00344,,,,,,,,
DOC00345,,,,,,,,
DOC00346,,,,,,,,
DOC00347,,,,,,,,
DOC00348,,,,,,,,
DOC00349,,,,,,,,
DOC00350,,,,,,,,
DOC00351,,,,,,,,
DOC00352,,,,,,,,
DOC00353,,,,,,,,
DOC00354,,,,,,,,
DOC00355,,,,,,,,
DOC00356,,,,,,,,
DOC00357,,,,,,,,
DOC00358,,,,,,,,
DOC00359,,,,,,,,
DOC00360,,,,,,,,
DOC00361,,,,,,,,
DOC00362,,,,,,,,
DOC00363,,,,,,,,
DOC00364,,,,,,,,
DOC00365,,,,,,,,
DOC00366,,,,,,,,
DOC00367,,,,,,,,
DOC00368,,,,,,,,
DOC00369,,,,,,,,
DOC00370,,,,,,,,
DOC00371,,,,,,,,
DOC00372,,,,,,,,
DOC00373,,,,,,,,
DOC00374,,,,,,,,
DOC00375,,,,,,,,
DOC00376,,,,,,,,
DOC00377,,,,,,,,
DOC00378,,,,,,,,
DOC00379,,,,,,,,
DOC00380,,,,,,,,
DOC00381,,,,,,,,
DOC00382,,,,,,,,
DOC00383,,,,,,,,
DOC00384,,,,,,,,
DOC00385,,,,,,,,
DOC00386,,,,,,,,
DOC00387,,,,,,,,
DOC00388,,,,,,,,
DOC00389,,,,,,,,
DOC00390,,,,,,,,
DOC00391,,,,,,,,
DOC00392,,,,,,,,
DOC00393,,,,,,,,
DOC00394,,,,,,,,
DOC00395,,,,,,,,
DOC00396,,,,,,,,
DOC00397,,,,,,,,
DOC00398,,,,,,,,
DOC00399,,,,,,,,
DOC00400,,,,,,,,
DOC00401,,,,,,,,
DOC00402,,,,,,,,
DOC00403,,,,,,,,
DOC00404,,,,,,,,
DOC00405,,,,,,,,
DOC00406,,,,,,,,
DOC00407,,,,,,,,
DOC00408,,,,,,,,
DOC00409,,,,,,,,
DOC00410,,,,,,,,
DOC00411,,,,,,,,
DOC00412,,,,,,,,
DOC00413,,,,,,,,
DOC00414,,,,,,,,
DOC00415,,,,,,,,
DOC00416,,,,,,,,
DOC00417,,,,,,,,
DOC00418,,,,,,,,
DOC00419,,,,,,,,
DOC00420,,,,,,,,
DOC00421,,,,,,,,
DOC00422,,,,,,,,
DOC00423,,,,,,,,
DOC00424,,,,,,,,
DOC00425,,,,,,,,
DOC00426,,,,,,,,
DOC00427,,,,,,,,
DOC00428,,,,,,,,
DOC00429,,,,,,,,
DOC00430,,,,,,,,
DOC00431,,,,,,,,
DOC00432,,,,,,,,
DOC00433,,,,,,,,
DOC00434,,,,,,,,
DOC00435,,,,,,,,
DOC00436,,,,,,,,
DOC00437,,,,,,,,
DOC00438,,,,,,,,
DOC00439,,,,,,,,
DOC00440,,,,,,,,
DOC00441,,,,,,,,
DOC00442,,,,,,,,
DOC00443,,,,,,,,
DOC00444,,,,,,,,
DOC00445,,,,,,,,
DOC00446,,,,,,,,
DOC00447,,,,,,,,
DOC00448,,,,,,,,
DOC00449,,,,,,,,
DOC00450,,,,,,,,
DOC00451,,,,,,,,
DOC00452,,,,,,,,
DOC00453,,,,,,,,
DOC00454,,,,,,,,
DOC00455,,,,,,,,
DOC00456,,,,,,,,
DOC00457,,,,,,,,
DOC00458,,,,,,,,
DOC00459,,,,,,,,
DOC00460,,,,,,,,
DOC00461,,,,,,,,
DOC00462,,,,,,,,
DOC00463,,,,,,,,
DOC00464,,,,,,,,
DOC00465,,,,,,,,
DOC00466,,,,,,,,
DOC00467,,,,,,,,
DOC00468,,,,,,,,
DOC00469,,,,,,,,
DOC00470,,,,,,,,
DOC00471,,,,,,,,
DOC00472,,,,,,,,
DOC00473,,,,,,,,
DOC00474,,,,,,,,
DOC00475,,,,,,,,
DOC00476,,,,,,,,
DOC00477,,,,,,,,
DOC00478,,,,,,,,
DOC00479,,,,,,,,
DOC00480,,,,,,,,
DOC00481,,,,,,,,
DOC00482,,,,,,,,
DOC00483,,,,,,,,
DOC00484,,,,,,,,
DOC00485,,,,,,,,
DOC00486,,,,,,,,
DOC00487,,,,,,,,
DOC00488,,,,,,,,
DOC00489,,,,,,,,
DOC00490,,,,,,,,
DOC00491,,,,,,,,
DOC00492,,,,,,,,
DOC00493,,,,,,,,
DOC00494,,,,,,,,
DOC00495,,,,,,,,
DOC00496,,,,,,,,
DOC00497,,,,,,,,
DOC00498,,,,,,,,
DOC00499,,,,,,,,
DOC00500,,,,,,,,
DOC00501,,,,,,,,
DOC00502,,,,,,,,
DOC00503,,,,,,,,
DOC00504,,,,,,,,
DOC00505,,,,,,,,
DOC00506,,,,,,,,
DOC00507,,,,,,,,
DOC00508,,,,,,,,
DOC00509,,,,,,,,
DOC00510,,,,,,,,
DOC00511,,,,,,,,
DOC00512,,,,,,,,
DOC00513,,,,,,,,
DOC00514,,,,,,,,
DOC00515,,,,,,,,
DOC00516,,,,,,,,
DOC00517,,,,,,,,
DOC00518,,,,,,,,
DOC00519,,,,,,,,
DOC00520,,,,,,,,
DOC00521,,,,,,,,
DOC00522,,,,,,,,
DOC00523,,,,,,,,
DOC00524,,,,,,,,
DOC00525,,,,,,,,
DOC00526,,,,,,,,
DOC00527,,,,,,,,
DOC00528,,,,,,,,
DOC00529,,,,,,,,
DOC00530,,,,,,,,
DOC00531,,,,,,,,
DOC00532,,,,,,,,
DOC00533,,,,,,,,
DOC00534,,,,,,,,
DOC00535,,,,,,,,
DOC00536,,,,,,,,
DOC00537,,,,,,,,
DOC00538,,,,,,,,
DOC00539,,,,,,,,
DOC00540,,,,,,,,
DOC00541,,,,,,,,
DOC00542,,,,,,,,
DOC00543,,,,,,,,
DOC00544,,,,,,,,
DOC00545,,,,,,,,
DOC00546,,,,,,,,
DOC00547,,,,,,,,
DOC00548,,,,,,,,
DOC00549,,,,,,,,
DOC00550,,,,,,,,
DOC00551,,,,,,,,
DOC00552,,,,,,,,
DOC00553,,,,,,,,
DOC00554,,,,,,,,
DOC00555,,,,,,,,
DOC00556,,,,,,,,
DOC00557,,,,,,,,
DOC00558,,,,,,,,
DOC00559,,,,,,,,
DOC00560,,,,,,,,
DOC00561,,,,,,,,
DOC00562,,,,,,,,
DOC00563,,,,,,,,
DOC00564,,,,,,,,
DOC00565,,,,,,,,
DOC00566,,,,,,,,
DOC00567,,,,,,,,
DOC00568,,,,,,,,
DOC00569,,,,,,,,
DOC00570,,,,,,,,
DOC00571,,,,,,,,
DOC00572,,,,,,,,
DOC00573,,,,,,,,
DOC00574,,,,,,,,
DOC00575,,,,,,,,
DOC00576,,,,,,,,
DOC00577,,,,,,,,
DOC00578,,,,,,,,
DOC00579,,,,,,,,
DOC00580,,,,,,,,
DOC00581,,,,,,,,
DOC00582,,,,,,,,
DOC00583,,,,,,,,
DOC00584,,,,,,,,
DOC00585,,,,,,,,
DOC00586,,,,,,,,
DOC00587,,,,,,,,
DOC00588,,,,,,,,
DOC00589,,,,,,,,
DOC00590,,,,,,,,
DOC00591,,,,,,,,
DOC00592,,,,,,,,
DOC00593,,,,,,,,
DOC00594,,,,,,,,
DOC00595,,,,,,,,
DOC00596,,,,,,,,
DOC00597,,,,,,,,
DOC00598,,,,,,,,
DOC00599,,,,,,,,
DOC00600,,,,,,,,
DOC00601,,,,,,,,
DOC00602,,,,,,,,
DOC00603,,,,,,,,
DOC00604,,,,,,,,
DOC00605,,,,,,,,
DOC00606,,,,,,,,
DOC00607,,,,,,,,
DOC00608,,,,,,,,
DOC00609,,,,,,,,
DOC00610,,,,,,,,
DOC00611,,,,,,,,
DOC00612,,,,,,,,
DOC00613,,,,,,,,
DOC00614,,,,,,,,
DOC00615,,,,,,,,
DOC00616,,,,,,,,
DOC00617,,,,,,,,
DOC00618,,,,,,,,
DOC00619,,,,,,,,
DOC00620,,,,,,,,
DOC00621,,,,,,,,
DOC00622,,,,,,,,
DOC00623,,,,,,,,
DOC00624,,,,,,,,
DOC00625,,,,,,,,
DOC00626,,,,,,,,
DOC00627,,,,,,,,
DOC00628,,,,,,,,
DOC00629,,,,,,,,
DOC00630,,,,,,,,
DOC00631,,,,,,,,
DOC00632,,,,,,,,
DOC00633,,,,,,,,
DOC00634,,,,,,,,
DOC00635,,,,,,,,
DOC00636,,,,,,,,
DOC00637,,,,,,,,
DOC00638,,,,,,,,
DOC00639,,,,,,,,
DOC00640,,,,,,,,
DOC00641,,,,,,,,
DOC00642,,,,,,,,
DOC00643,,,,,,,,
DOC00644,,,,,,,,
DOC00645,,,,,,,,
DOC00646,,,,,,,,
DOC00647,,,,,,,,
DOC00648,,,,,,,,
DOC00649,,,,,,,,
DOC00650,,,,,,,,
DOC00651,,,,,,,,
DOC00652,,,,,,,,
DOC00653,,,,,,,,
DOC00654,,,,,,,,
DOC00655,,,,,,,,
DOC00656,,,,,,,,
DOC00657,,,,,,,,
DOC00658,,,,,,,,
DOC00659,,,,,,,,
DOC00660,,,,,,,,
DOC00661,,,,,,,,
DOC00662,,,,,,,,
DOC00663,,,,,,,,
DOC00664,,,,,,,,
DOC00665,,,,,,,,
DOC00666,,,,,,,,
DOC00667,,,,,,,,
DOC00668,,,,,,,,
DOC00669,,,,,,,,
DOC00670,,,,,,,,
DOC00671,,,,,,,,
DOC00672,,,,,,,,
DOC00673,,,,,,,,
DOC00674,,,,,,,,
DOC00675,,,,,,,,
DOC00676,,,,,,,,
DOC00677,,,,,,,,
DOC00678,,,,,,,,
DOC00679,,,,,,,,
DOC00680,,,,,,,,
DOC00681,,,,,,,,
DOC00682,,,,,,,,
DOC00683,,,,,,,,
DOC00684,,,,,,,,
DOC00685,,,,,,,,
DOC00686,,,,,,,,
DOC00687,,,,,,,,
DOC00688,,,,,,,,
DOC00689,,,,,,,,
DOC00690,,,,,,,,
DOC00691,,,,,,,,
DOC00692,,,,,,,,
DOC00693,,,,,,,,
DOC00694,,,,,,,,
DOC00695,,,,,,,,
DOC00696,,,,,,,,
DOC00697,,,,,,,,
DOC00698,,,,,,,,
DOC00699,,,,,,,,
DOC00700,,,,,,,,
DOC00701,,,,,,,,
DOC00702,,,,,,,,
DOC00703,,,,,,,,
DOC00704,,,,,,,,
DOC00705,,,,,,,,
DOC00706,,,,,,,,
DOC00707,,,,,,,,
DOC00708,,,,,,,,
DOC00709,,,,,,,,
DOC00710,,,,,,,,
DOC00711,,,,,,,,
DOC00712,,,,,,,,
DOC00713,,,,,,,,
DOC00714,,,,,,,,
DOC00715,,,,,,,,
DOC00716,,,,,,,,
DOC00717,,,,,,,,
DOC00718,,,,,,,,
DOC00719,,,,,,,,
DOC00720,,,,,,,,
DOC00721,,,,,,,,
DOC00722,,,,,,,,
DOC00723,,,,,,,,
DOC00724,,,,,,,,
DOC00725,,,,,,,,
DOC00726,,,,,,,,
DOC00727,,,,,,,,
DOC00728,,,,,,,,
DOC00729,,,,,,,,
DOC00730,,,,,,,,
DOC00731,,,,,,,,
DOC00732,,,,,,,,
DOC00733,,,,,,,,
DOC00734,,,,,,,,
DOC00735,,,,,,,,
DOC00736,,,,,,,,
DOC00737,,,,,,,,
DOC00738,,,,,,,,
DOC00739,,,,,,,,
DOC00740,,,,,,,,
DOC00741,,,,,,,,
DOC00742,,,,,,,,
DOC00743,,,,,,,,
DOC00744,,,,,,,,
DOC00745,,,,,,,,
DOC00746,,,,,,,,
DOC00747,,,,,,,,
DOC00748,,,,,,,,
DOC00749,,,,,,,,
DOC00750,,,,,,,,
DOC00751,,,,,,,,
DOC00752,,,,,,,,
DOC00753,,,,,,,,
DOC00754,,,,,,,,
DOC00755,,,,,,,,
DOC00756,,,,,,,,
DOC00757,,,,,,,,
DOC00758,,,,,,,,
DOC00759,,,,,,,,
DOC00760,,,,,,,,
DOC00761,,,,,,,,
DOC00762,,,,,,,,
DOC00763,,,,,,,,
DOC00764,,,,,,,,
DOC00765,,,,,,,,
DOC00766,,,,,,,,
DOC00767,,,,,,,,
DOC00768,,,,,,,,
DOC00769,,,,,,,,
DOC00770,,,,,,,,
DOC00771,,,,,,,,
DOC00772,,,,,,,,
DOC00773,,,,,,,,
DOC00774,,,,,,,,
DOC00775,,,,,,,,
DOC00776,,,,,,,,
DOC00777,,,,,,,,
DOC00778,,,,,,,,
DOC00779,,,,,,,,
DOC00780,,,,,,,,
DOC00781,,,,,,,,
DOC00782,,,,,,,,
DOC00783,,,,,,,,
DOC00784,,,,,,,,
DOC00785,,,,,,,,
DOC00786,,,,,,,,
DOC00787,,,,,,,,
DOC00788,,,,,,,,
DOC00789,,,,,,,,
DOC00790,,,,,,,,
DOC00791,,,,,,,,
DOC00792,,,,,,,,
DOC00793,,,,,,,,
DOC00794,,,,,,,,
DOC00795,,,,,,,,
DOC00796,,,,,,,,
DOC00797,,,,,,,,
DOC00798,,,,,,,,
DOC00799,,,,,,,,
DOC00800,,,,,,,,
DOC00801,,,,,,,,
DOC00802,,,,,,,,
DOC00803,,,,,,,,
DOC00804,,,,,,,,
DOC00805,,,,,,,,
DOC00806,,,,,,,,
DOC00807,,,,,,,,
DOC00808,,,,,,,,
DOC00809,,,,,,,,
DOC00810,,,,,,,,
DOC00811,,,,,,,,
DOC00812,,,,,,,,
DOC00813,,,,,,,,
DOC00814,,,,,,,,
DOC00815,,,,,,,,
DOC00816,,,,,,,,
DOC00817,,,,,,,,
DOC00818,,,,,,,,
DOC00819,,,,,,,,
DOC00820,,,,,,,,
DOC00821,,,,,,,,
DOC00822,,,,,,,,
DOC00823,,,,,,,,
DOC00824,,,,,,,,
DOC00825,,,,,,,,
DOC00826,,,,,,,,
DOC00827,,,,,,,,
DOC00828,,,,,,,,
DOC00829,,,,,,,,
DOC00830,,,,,,,,
DOC00831,,,,,,,,
DOC00832,,,,,,,,
DOC00833,,,,,,,,
DOC00834,,,,,,,,
DOC00835,,,,,,,,
DOC00836,,,,,,,,
DOC00837,,,,,,,,
DOC00838,,,,,,,,
DOC00839,,,,,,,,
DOC00840,,,,,,,,
DOC00841,,,,,,,,
DOC00842,,,,,,,,
DOC00843,,,,,,,,
DOC00844,,,,,,,,
DOC00845,,,,,,,,
DOC00846,,,,,,,,
DOC00847,,,,,,,,
DOC00848,,,,,,,,
DOC00849,,,,,,,,
DOC00850,,,,,,,,
DOC00851,,,,,,,,
DOC00852,,,,,,,,
DOC00853,,,,,,,,
DOC00854,,,,,,,,
DOC00855,,,,,,,,
DOC00856,,,,,,,,
DOC00857,,,,,,,,
DOC00858,,,,,,,,
DOC00859,,,,,,,,
DOC00860,,,,,,,,
DOC00861,,,,,,,,
DOC00862,,,,,,,,
DOC00863,,,,,,,,
DOC00864,,,,,,,,
DOC00865,,,,,,,,
DOC00866,,,,,,,,
DOC00867,,,,,,,,
DOC00868,,,,,,,,
DOC00869,,,,,,,,
DOC00870,,,,,,,,
DOC00871,,,,,,,,
DOC00872,,,,,,,,
DOC00873,,,,,,,,
DOC00874,,,,,,,,
DOC00875,,,,,,,,
DOC00876,,,,,,,,
DOC00877,,,,,,,,
DOC00878,,,,,,,,
DOC00879,,,,,,,,
DOC00880,,,,,,,,
DOC00881,,,,,,,,
DOC00882,,,,,,,,
DOC00883,,,,,,,,
DOC00884,,,,,,,,
DOC00885,,,,,,,,
DOC00886,,,,,,,,
DOC00887,,,,,,,,
DOC00888,,,,,,,,
DOC00889,,,,,,,,
DOC00890,,,,,,,,
DOC00891,,,,,,,,
DOC00892,,,,,,,,
DOC00893,,,,,,,,
DOC00894,,,,,,,,
DOC00895,,,,,,,,
DOC00896,,,,,,,,
DOC00897,,,,,,,,
DOC00898,,,,,,,,
DOC00899,,,,,,,,
DOC00900,,,,,,,,
DOC00901,,,,,,,,
DOC00902,,,,,,,,
DOC00903,,,,,,,,
DOC00904,,,,,,,,
DOC00905,,,,,,,,
DOC00906,,,,,,,,
DOC00907,,,,,,,,
DOC00908,,,,,,,,
DOC00909,,,,,,,,
DOC00910,,,,,,,,
DOC00911,,,,,,,,
DOC00912,,,,,,,,
DOC00913,,,,,,,,
DOC00914,,,,,,,,
DOC00915,,,,,,,,
DOC00916,,,,,,,,
DOC00917,,,,,,,,
DOC00918,,,,,,,,
DOC00919,,,,,,,,
DOC00920,,,,,,,,
DOC00921,,,,,,,,
DOC00922,,,,,,,,
DOC00923,,,,,,,,
DOC00924,,,,,,,,
DOC00925,,,,,,,,
DOC00926,,,,,,,,
DOC00927,,,,,,,,
DOC00928,,,,,,,,
DOC00929,,,,,,,,
DOC00930,,,,,,,,
DOC00931,,,,,,,,
DOC00932,,,,,,,,
DOC00933,,,,,,,,
DOC00934,,,,,,,,
DOC00935,,,,,,,,
DOC00936,,,,,,,,
DOC00937,,,,,,,,
DOC00938,,,,,,,,
DOC00939,,,,,,,,
DOC00940,,,,,,,,
DOC00941,,,,,,,,
DOC00942,,,,,,,,
DOC00943,,,,,,,,
DOC00944,,,,,,,,
DOC00945,,,,,,,,
DOC00946,,,,,,,,
DOC00947,,,,,,,,
DOC00948,,,,,,,,
DOC00949,,,,,,,,
DOC00950,,,,,,,,
DOC00951,,,,,,,,
DOC00952,,,,,,,,
DOC00953,,,,,,,,
DOC00954,,,,,,,,
DOC00955,,,,,,,,
DOC00956,,,,,,,,
DOC00957,,,,,,,,
DOC00958,,,,,,,,
DOC00959,,,,,,,,
DOC00960,,,,,,,,
DOC00961,,,,,,,,
DOC00962,,,,,,,,
DOC00963,,,,,,,,
DOC00964,,,,,,,,
DOC00965,,,,,,,,
DOC00966,,,,,,,,
DOC00967,,,,,,,,
DOC00968,,,,,,,,
DOC00969,,,,,,,,
DOC00970,,,,,,,,
DOC00971,,,,,,,,
DOC00972,,,,,,,,
DOC00973,,,,,,,,
DOC00974,,,,,,,,
DOC00975,,,,,,,,
DOC00976,,,,,,,,
DOC00977,,,,,,,,
DOC00978,,,,,,,,
DOC00979,,,,,,,,
DOC00980,,,,,,,,
DOC00981,,,,,,,,
DOC00982,,,,,,,,
DOC00983,,,,,,,,
DOC00984,,,,,,,,
DOC00985,,,,,,,,
DOC00986,,,,,,,,
DOC00987,,,,,,,,
DOC00988,,,,,,,,
DOC00989,,,,,,,,
DOC00990,,,,,,,,
DOC00991,,,,,,,,
DOC00992,,,,,,,,
DOC00993,,,,,,,,
DOC00994,,,,,,,,
DOC00995,,,,,,,,
DOC00996,,,,,,,,
DOC00997,,,,,,,,
DOC00998,,,,,,,,
DOC00999,,,,,,,,
DOC01000,,,,,,,,
DOC01001,,,,,,,,
DOC01002,,,,,,,,
DOC01003,,,,,,,,
DOC01004,,,,,,,,
DOC01005,,,,,,,,
DOC01006,,,,,,,,
DOC01007,,,,,,,,
DOC01008,,,,,,,,
DOC01009,,,,,,,,
DOC01010,,,,,,,,
DOC01011,,,,,,,,
DOC01012,,,,,,,,
DOC01013,,,,,,,,
DOC01014,,,,,,,,
DOC01015,,,,,,,,
DOC01016,,,,,,,,
DOC01017,,,,,,,,
DOC01018,,,,,,,,
DOC01019,,,,,,,,
DOC01020,,,,,,,,
DOC01021,,,,,,,,
DOC01022,,,,,,,,
DOC01023,,,,,,,,
DOC01024,,,,,,,,
DOC01025,,,,,,,,
DOC01026,,,,,,,,
DOC01027,,,,,,,,
DOC01028,,,,,,,,
DOC01029,,,,,,,,
DOC01030,,,,,,,,
DOC01031,,,,,,,,
DOC01032,,,,,,,,
DOC01033,,,,,,,,
DOC01034,,,,,,,,
DOC01035,,,,,,,,
DOC01036,,,,,,,,
DOC01037,,,,,,,,
DOC01038,,,,,,,,
DOC01039,,,,,,,,
DOC01040,,,,,,,,
DOC01041,,,,,,,,
DOC01042,,,,,,,,
DOC01043,,,,,,,,
DOC01044,,,,,,,,
DOC01045,,,,,,,,
DOC01046,,,,,,,,
DOC01047,,,,,,,,
DOC01048,,,,,,,,
DOC01049,,,,,,,,
DOC01050,,,,,,,,
DOC01051,,,,,,,,
DOC01052,,,,,,,,
DOC01053,,,,,,,,
DOC01054,,,,,,,,
DOC01055,,,,,,,,
DOC01056,,,,,,,,
DOC01057,,,,,,,,
DOC01058,,,,,,,,
DOC01059,,,,,,,,
DOC01060,,,,,,,,
DOC01061,,,,,,,,
DOC01062,,,,,,,,
DOC01063,,,,,,,,
DOC01064,,,,,,,,
DOC01065,,,,,,,,
DOC01066,,,,,,,,
DOC01067,,,,,,,,
DOC01068,,,,,,,,
DOC01069,,,,,,,,
DOC01070,,,,,,,,
DOC01071,,,,,,,,
DOC01072,,,,,,,,
DOC01073,,,,,,,,
DOC01074,,,,,,,,
DOC01075,,,,,,,,
DOC01076,,,,,,,,
DOC01077,,,,,,,,
DOC01078,,,,,,,,
DOC01079,,,,,,,,
DOC01080,,,,,,,,
DOC01081,,,,,,,,
DOC01082,,,,,,,,
DOC01083,,,,,,,,
DOC01084,,,,,,,,
DOC01085,,,,,,,,
DOC01086,,,,,,,,
DOC01087,,,,,,,,
DOC01088,,,,,,,,
DOC01089,,,,,,,,
DOC01090,,,,,,,,
DOC01091,,,,,,,,
DOC01092,,,,,,,,
DOC01093,,,,,,,,
DOC01094,,,,,,,,
DOC01095,,,,,,,,
DOC01096,,,,,,,,
DOC01097,,,,,,,,
DOC01098,,,,,,,,
DOC01099,,,,,,,,
DOC01100,,,,,,,,
DOC01101,,,,,,,,
DOC01102,,,,,,,,
DOC01103,,,,,,,,
DOC01104,,,,,,,,
DOC01105,,,,,,,,
DOC01106,,,,,,,,
DOC01107,,,,,,,,
DOC01108,,,,,,,,
DOC01109,,,,,,,,
DOC01110,,,,,,,,
DOC01111,,,,,,,,
DOC01112,,,,,,,,
DOC01113,,,,,,,,
DOC01114,,,,,,,,
DOC01115,,,,,,,,
DOC01116,,,,,,,,
DOC01117,,,,,,,,
DOC01118,,,,,,,,
DOC01119,,,,,,,,
DOC01120,,,,,,,,
DOC01121,,,,,,,,
DOC01122,,,,,,,,
DOC01123,,,,,,,,
DOC01124,,,,,,,,
DOC01125,,,,,,,,
DOC01126,,,,,,,,
DOC01127,,,,,,,,
DOC01128,,,,,,,,
DOC01129,,,,,,,,
DOC01130,,,,,,,,
DOC01131,,,,,,,,
DOC01132,,,,,,,,
DOC01133,,,,,,,,
DOC01134,,,,,,,,
DOC01135,,,,,,,,
DOC01136,,,,,,,,
DOC01137,,,,,,,,
DOC01138,,,,,,,,
DOC01139,,,,,,,,
DOC01140,,,,,,,,
DOC01141,,,,,,,,
DOC01142,,,,,,,,
DOC01143,,,,,,,,
DOC01144,,,,,,,,
DOC01145,,,,,,,,
DOC01146,,,,,,,,
DOC01147,,,,,,,,
DOC01148,,,,,,,,
DOC01149,,,,,,,,
DOC01150,,,,,,,,
DOC01151,,,,,,,,
DOC01152,,,,,,,,
DOC01153,,,,,,,,
DOC01154,,,,,,,,
DOC01155,,,,,,,,
DOC01156,,,,,,,,
DOC01157,,,,,,,,
DOC01158,,,,,,,,
DOC01159,,,,,,,,
DOC01160,,,,,,,,
DOC01161,,,,,,,,
DOC01162,,,,,,,,
DOC01163,,,,,,,,
DOC01164,,,,,,,,
DOC01165,,,,,,,,
DOC01166,,,,,,,,
DOC01167,,,,,,,,
DOC01168,,,,,,,,
DOC01169,,,,,,,,
DOC01170,,,,,,,,
DOC01171,,,,,,,,
DOC01172,,,,,,,,
DOC01173,,,,,,,,
DOC01174,,,,,,,,
DOC01175,,,,,,,,
DOC01176,,,,,,,,
DOC01177,,,,,,,,
DOC01178,,,,,,,,
DOC01179,,,,,,,,
DOC01180,,,,,,,,
DOC01181,,,,,,,,
DOC01182,,,,,,,,
DOC01183,,,,,,,,
DOC01184,,,,,,,,
DOC01185,,,,,,,,
DOC01186,,,,,,,,
DOC01187,,,,,,,,
DOC01188,,,,,,,,
DOC01189,,,,,,,,
DOC01190,,,,,,,,
DOC01191,,,,,,,,
DOC01192,,,,,,,,
DOC01193,,,,,,,,
DOC01194,,,,,,,,
DOC01195,,,,,,,,
DOC01196,,,,,,,,
DOC01197,,,,,,,,
DOC01198,,,,,,,,
DOC01199,,,,,,,,
DOC01200,,,,,,,,
DOC01201,,,,,,,,
DOC01202,,,,,,,,
DOC01203,,,,,,,,
DOC01204,,,,,,,,
DOC01205,,,,,,,,
DOC01206,,,,,,,,
DOC01207,,,,,,,,
DOC01208,,,,,,,,
DOC01209,,,,,,,,
DOC01210,,,,,,,,
DOC01211,,,,,,,,
DOC01212,,,,,,,,
DOC01213,,,,,,,,
DOC01214,,,,,,,,
DOC01215,,,,,,,,
DOC01216,,,,,,,,
DOC01217,,,,,,,,
DOC01218,,,,,,,,
DOC01219,,,,,,,,
DOC01220,,,,,,,,
DOC01221,,,,,,,,
DOC01222,,,,,,,,
DOC01223,,,,,,,,
DOC01224,,,,,,,,
DOC01225,,,,,,,,
DOC01226,,,,,,,,
DOC01227,,,,,,,,
DOC01228,,,,,,,,
DOC01229,,,,,,,,
DOC01230,,,,,,,,
DOC01231,,,,,,,,
DOC01232,,,,,,,,
DOC01233,,,,,,,,
DOC01234,,,,,,,,
DOC01235,,,,,,,,
DOC01236,,,,,,,,
DOC01237,,,,,,,,
DOC01238,,,,,,,,
DOC01239,,,,,,,,
DOC01240,,,,,,,,
DOC01241,,,,,,,,
DOC01242,,,,,,,,
DOC01243,,,,,,,,
DOC01244,,,,,,,,
DOC01245,,,,,,,,
DOC01246,,,,,,,,
DOC01247,,,,,,,,
DOC01248,,,,,,,,
DOC01249,,,,,,,,
DOC01250,,,,,,,,
DOC01251,,,,,,,,
DOC01252,,,,,,,,
DOC01253,,,,,,,,
DOC01254,,,,,,,,
DOC01255,,,,,,,,
DOC01256,,,,,,,,
DOC01257,,,,,,,,
DOC01258,,,,,,,,
DOC01259,,,,,,,,
DOC01260,,,,,,,,
DOC01261,,,,,,,,
DOC01262,,,,,,,,
DOC01263,,,,,,,,
DOC01264,,,,,,,,
DOC01265,,,,,,,,
DOC01266,,,,,,,,
DOC01267,,,,,,,,
DOC01268,,,,,,,,
DOC01269,,,,,,,,
DOC01270,,,,,,,,
DOC01271,,,,,,,,
DOC01272,,,,,,,,
DOC01273,,,,,,,,
DOC01274,,,,,,,,
DOC01275,,,,,,,,
DOC01276,,,,,,,,
DOC01277,,,,,,,,
DOC01278,,,,,,,,
DOC01279,,,,,,,,
DOC01280,,,,,,,,
DOC01281,,,,,,,,
DOC01282,,,,,,,,
DOC01283,,,,,,,,
DOC01284,,,,,,,,
DOC01285,,,,,,,,
DOC01286,,,,,,,,
DOC01287,,,,,,,,
DOC01288,,,,,,,,
DOC01289,,,,,,,,
DOC01290,,,,,,,,
DOC01291,,,,,,,,
DOC01292,,,,,,,,
DOC01293,,,,,,,,
DOC01294,,,,,,,,
DOC01295,,,,,,,,
DOC01296,,,,,,,,
DOC01297,,,,,,,,
DOC01298,,,,,,,,
DOC01299,,,,,,,,
DOC01300,,,,,,,,
DOC01301,,,,,,,,
DOC01302,,,,,,,,
DOC01303,,,,,,,,
DOC01304,,,,,,,,
DOC01305,,,,,,,,
DOC01306,,,,,,,,
DOC01307,,,,,,,,
DOC01308,,,,,,,,
DOC01309,,,,,,,,
DOC01310,,,,,,,,
DOC01311,,,,,,,,
DOC01312,,,,,,,,
DOC01313,,,,,,,,
DOC01314,,,,,,,,
DOC01315,,,,,,,,
DOC01316,,,,,,,,
DOC01317,,,,,,,,
DOC01318,,,,,,,,
DOC01319,,,,,,,,
DOC01320,,,,,,,,
DOC01321,,,,,,,,
DOC01322,,,,,,,,
DOC01323,,,,,,,,
DOC01324,,,,,,,,
DOC01325,,,,,,,,
DOC01326,,,,,,,,
DOC01327,,,,,,,,
DOC01328,,,,,,,,
DOC01329,,,,,,,,
DOC01330,,,,,,,,
DOC01331,,,,,,,,
DOC01332,,,,,,,,
DOC01333,,,,,,,,
DOC01334,,,,,,,,
DOC01335,,,,,,,,
DOC01336,,,,,,,,
DOC01337,,,,,,,,
DOC01338,,,,,,,,
DOC01339,,,,,,,,
DOC01340,,,,,,,,
DOC01341,,,,,,,,
DOC01342,,,,,,,,
DOC01343,,,,,,,,
DOC01344,,,,,,,,
DOC01345,,,,,,,,
DOC01346,,,,,,,,
DOC01347,,,,,,,,
DOC01348,,,,,,,,
DOC01349,,,,,,,,
DOC01350,,,,,,,,
DOC01351,,,,,,,,
DOC01352,,,,,,,,
DOC01353,,,,,,,,
DOC01354,,,,,,,,
DOC01355,,,,,,,,
DOC01356,,,,,,,,
DOC01357,,,,,,,,
DOC01358,,,,,,,,
DOC01359,,,,,,,,
DOC01360,,,,,,,,
DOC01361,,,,,,,,
DOC01362,,,,,,,,
DOC01363,,,,,,,,
DOC01364,,,,,,,,
DOC01365,,,,,,,,
DOC01366,,,,,,,,
DOC01367,,,,,,,,
DOC01368,,,,,,,,
DOC01369,,,,,,,,
DOC01370,,,,,,,,
DOC01371,,,,,,,,
DOC01372,,,,,,,,
DOC01373,,,,,,,,
DOC01374,,,,,,,,
DOC01375,,,,,,,,
DOC01376,,,,,,,,
DOC01377,,,,,,,,
DOC01378,,,,,,,,
DOC01379,,,,,,,,
DOC01380,,,,,,,,
DOC01381,,,,,,,,
DOC01382,,,,,,,,
DOC01383,,,,,,,,
DOC01384,,,,,,,,
DOC01385,,,,,,,,
DOC01386,,,,,,,,
DOC01387,,,,,,,,
DOC01388,,,,,,,,
DOC01389,,,,,,,,
DOC01390,,,,,,,,
DOC01391,,,,,,,,
DOC01392,,,,,,,,
DOC01393,,,,,,,,
DOC01394,,,,,,,,
DOC01395,,,,,,,,
DOC01396,,,,,,,,
DOC01397,,,,,,,,
DOC01398,,,,,,,,
DOC01399,,,,,,,,
DOC01400,,,,,,,,
DOC01401,,,,,,,,
DOC01402,,,,,,,,
DOC01403,,,,,,,,
DOC01404,,,,,,,,
DOC01405,,,,,,,,
DOC01406,,,,,,,,
DOC01407,,,,,,,,
DOC01408,,,,,,,,
DOC01409,,,,,,,,
DOC01410,,,,,,,,
DOC01411,,,,,,,,
DOC01412,,,,,,,,
DOC01413,,,,,,,,
DOC01414,,,,,,,,
DOC01415,,,,,,,,
DOC01416,,,,,,,,
DOC01417,,,,,,,,
DOC01418,,,,,,,,
DOC01419,,,,,,,,
DOC01420,,,,,,,,
DOC01421,,,,,,,,
DOC01422,,,,,,,,
DOC01423,,,,,,,,
DOC01424,,,,,,,,
DOC01425,,,,,,,,
DOC01426,,,,,,,,
DOC01427,,,,,,,,
DOC01428,,,,,,,,
DOC01429,,,,,,,,
DOC01430,,,,,,,,
DOC01431,,,,,,,,
DOC01432,,,,,,,,
DOC01433,,,,,,,,
DOC01434,,,,,,,,
DOC01435,,,,,,,,
DOC01436,,,,,,,,
DOC01437,,,,,,,,
DOC01438,,,,,,,,
DOC01439,,,,,,,,
DOC01440,,,,,,,,
DOC01441,,,,,,,,
DOC01442,,,,,,,,
DOC01443,,,,,,,,
DOC01444,,,,,,,,
DOC01445,,,,,,,,
DOC01446,,,,,,,,
DOC01447,,,,,,,,
DOC01448,,,,,,,,
DOC01449,,,,,,,,
DOC01450,,,,,,,,
DOC01451,,,,,,,,
DOC01452,,,,,,,,
DOC01453,,,,,,,,
DOC01454,,,,,,,,
DOC01455,,,,,,,,
DOC01456,,,,,,,,
DOC01457,,,,,,,,
DOC01458,,,,,,,,
DOC01459,,,,,,,,
DOC01460,,,,,,,,
DOC01461,,,,,,,,
DOC01462,,,,,,,,
DOC01463,,,,,,,,
DOC01464,,,,,,,,
DOC01465,,,,,,,,
DOC01466,,,,,,,,
DOC01467,,,,,,,,
DOC01468,,,,,,,,
DOC01469,,,,,,,,
DOC01470,,,,,,,,
DOC01471,,,,,,,,
DOC01472,,,,,,,,
DOC01473,,,,,,,,
DOC01474,,,,,,,,
DOC01475,,,,,,,,
DOC01476,,,,,,,,
DOC01477,,,,,,,,
DOC01478,,,,,,,,
DOC01479,,,,,,,,
DOC01480,,,,,,,,
DOC01481,,,,,,,,
DOC01482,,,,,,,,
DOC01483,,,,,,,,
DOC01484,,,,,,,,
DOC01485,,,,,,,,
DOC01486,,,,,,,,
DOC01487,,,,,,,,
DOC01488,,,,,,,,
DOC01489,,,,,,,,
DOC01490,,,,,,,,
DOC01491,,,,,,,,
DOC01492,,,,,,,,
DOC01493,,,,,,,,
DOC01494,,,,,,,,
DOC01495,,,,,,,,
DOC01496,,,,,,,,
DOC01497,,,,,,,,
DOC01498,,,,,,,,
DOC01499,,,,,,,,
DOC01500,,,,,,,,
DOC01501,,,,,,,,
DOC01502,,,,,,,,
DOC01503,,,,,,,,
DOC01504,,,,,,,,
DOC01505,,,,,,,,
DOC01506,,,,,,,,
DOC01507,,,,,,,,
DOC01508,,,,,,,,
DOC01509,,,,,,,,
DOC01510,,,,,,,,
DOC01511,,,,,,,,
DOC01512,,,,,,,,
DOC01513,,,,,,,,
DOC01514,,,,,,,,
DOC01515,,,,,,,,
DOC01516,,,,,,,,
DOC01517,,,,,,,,
DOC01518,,,,,,,,
DOC01519,,,,,,,,
DOC01520,,,,,,,,
DOC01521,,,,,,,,
DOC01522,,,,,,,,
DOC01523,,,,,,,,
DOC01524,,,,,,,,
DOC01525,,,,,,,,
DOC01526,,,,,,,,
DOC01527,,,,,,,,
DOC01528,,,,,,,,
DOC01529,,,,,,,,
DOC01530,,,,,,,,
DOC01531,,,,,,,,
DOC01532,,,,,,,,
DOC01533,,,,,,,,
DOC01534,,,,,,,,
DOC01535,,,,,,,,
DOC01536,,,,,,,,
DOC01537,,,,,,,,
DOC01538,,,,,,,,
DOC01539,,,,,,,,
DOC01540,,,,,,,,
DOC01541,,,,,,,,
DOC01542,,,,,,,,
DOC01543,,,,,,,,
DOC01544,,,,,,,,
DOC01545,,,,,,,,
DOC01546,,,,,,,,
DOC01547,,,,,,,,
DOC01548,,,,,,,,
DOC01549,,,,,,,,
DOC01550,,,,,,,,
DOC01551,,,,,,,,
DOC01552,,,,,,,,
DOC01553,,,,,,,,
DOC01554,,,,,,,,
DOC01555,,,,,,,,
DOC01556,,,,,,,,
DOC01557,,,,,,,,
DOC01558,,,,,,,,
DOC01559,,,,,,,,
DOC01560,,,,,,,,
DOC01561,,,,,,,,
DOC01562,,,,,,,,
DOC01563,,,,,,,,
DOC01564,,,,,,,,
DOC01565,,,,,,,,
DOC01566,,,,,,,,
DOC01567,,,,,,,,
DOC01568,,,,,,,,
DOC01569,,,,,,,,
DOC01570,,,,,,,,
DOC01571,,,,,,,,
DOC01572,,,,,,,,
DOC01573,,,,,,,,
DOC01574,,,,,,,,
DOC01575,,,,,,,,
DOC01576,,,,,,,,
DOC01577,,,,,,,,
DOC01578,,,,,,,,
DOC01579,,,,,,,,
DOC01580,,,,,,,,
DOC01581,,,,,,,,
DOC01582,,,,,,,,
DOC01583,,,,,,,,
DOC01584,,,,,,,,
DOC01585,,,,,,,,
DOC01586,,,,,,,,
DOC01587,,,,,,,,
DOC01588,,,,,,,,
DOC01589,,,,,,,,
DOC01590,,,,,,,,
DOC01591,,,,,,,,
DOC01592,,,,,,,,
DOC01593,,,,,,,,
DOC01594,,,,,,,,
DOC01595,,,,,,,,
DOC01596,,,,,,,,
DOC01597,,,,,,,,
DOC01598,,,,,,,,
DOC01599,,,,,,,,
DOC01600,,,,,,,,
DOC01601,,,,,,,,
DOC01602,,,,,,,,
DOC01603,,,,,,,,
DOC01604,,,,,,,,
DOC01605,,,,,,,,
DOC01606,,,,,,,,
DOC01607,,,,,,,,
DOC01608,,,,,,,,
DOC01609,,,,,,,,
DOC01610,,,,,,,,
DOC01611,,,,,,,,
DOC01612,,,,,,,,
DOC01613,,,,,,,,
DOC01614,,,,,,,,
DOC01615,,,,,,,,
DOC01616,,,,,,,,
DOC01617,,,,,,,,
DOC01618,,,,,,,,
DOC01619,,,,,,,,
DOC01620,,,,,,,,
DOC01621,,,,,,,,
DOC01622,,,,,,,,
DOC01623,,,,,,,,
DOC01624,,,,,,,,
DOC01625,,,,,,,,
DOC01626,,,,,,,,
DOC01627,,,,,,,,
DOC01628,,,,,,,,
DOC01629,,,,,,,,
DOC01630,,,,,,,,
DOC01631,,,,,,,,
DOC01632,,,,,,,,
DOC01633,,,,,,,,
DOC01634,,,,,,,,
DOC01635,,,,,,,,
DOC01636,,,,,,,,
DOC01637,,,,,,,,
DOC01638,,,,,,,,
DOC01639,,,,,,,,
DOC01640,,,,,,,,
DOC01641,,,,,,,,
DOC01642,,,,,,,,
DOC01643,,,,,,,,
DOC01644,,,,,,,,
DOC01645,,,,,,,,
DOC01646,,,,,,,,
DOC01647,,,,,,,,
DOC01648,,,,,,,,
DOC01649,,,,,,,,
DOC01650,,,,,,,,
DOC01651,,,,,,,,
DOC01652,,,,,,,,
DOC01653,,,,,,,,
DOC01654,,,,,,,,
DOC01655,,,,,,,,
DOC01656,,,,,,,,
DOC01657,,,,,,,,
DOC01658,,,,,,,,
DOC01659,,,,,,,,
DOC01660,,,,,,,,
DOC01661,,,,,,,,
DOC01662,,,,,,,,
DOC01663,,,,,,,,
DOC01664,,,,,,,,
DOC01665,,,,,,,,
DOC01666,,,,,,,,
DOC01667,,,,,,,,
DOC01668,,,,,,,,
DOC01669,,,,,,,,
DOC01670,,,,,,,,
DOC01671,,,,,,,,
DOC01672,,,,,,,,
DOC01673,,,,,,,,
DOC01674,,,,,,,,
DOC01675,,,,,,,,
DOC01676,,,,,,,,
DOC01677,,,,,,,,
DOC01678,,,,,,,,
DOC01679,,,,,,,,
DOC01680,,,,,,,,
DOC01681,,,,,,,,
DOC01682,,,,,,,,
DOC01683,,,,,,,,
DOC01684,,,,,,,,
DOC01685,,,,,,,,
DOC01686,,,,,,,,
DOC01687,,,,,,,,
DOC01688,,,,,,,,
DOC01689,,,,,,,,
DOC01690,,,,,,,,
DOC01691,,,,,,,,
DOC01692,,,,,,,,
DOC01693,,,,,,,,
DOC01694,,,,,,,,
DOC01695,,,,,,,,
DOC01696,,,,,,,,
DOC01697,,,,,,,,
DOC01698,,,,,,,,
DOC01699,,,,,,,,
DOC01700,,,,,,,,
DOC01701,,,,,,,,
DOC01702,,,,,,,,
DOC01703,,,,,,,,
DOC01704,,,,,,,,
DOC01705,,,,,,,,
DOC01706,,,,,,,,
DOC01707,,,,,,,,
DOC01708,,,,,,,,
DOC01709,,,,,,,,
DOC01710,,,,,,,,
DOC01711,,,,,,,,
DOC01712,,,,,,,,
DOC01713,,,,,,,,
DOC01714,,,,,,,,
DOC01715,,,,,,,,
DOC01716,,,,,,,,
DOC01717,,,,,,,,
DOC01718,,,,,,,,
DOC01719,,,,,,,,
DOC01720,,,,,,,,
DOC01721,,,,,,,,
DOC01722,,,,,,,,
DOC01723,,,,,,,,
DOC01724,,,,,,,,
DOC01725,,,,,,,,
DOC01726,,,,,,,,
DOC01727,,,,,,,,
DOC01728,,,,,,,,
DOC01729,,,,,,,,
DOC01730,,,,,,,,
DOC01731,,,,,,,,
DOC01732,,,,,,,,
DOC01733,,,,,,,,
DOC01734,,,,,,,,
DOC01735,,,,,,,,
DOC01736,,,,,,,,
DOC01737,,,,,,,,
DOC01738,,,,,,,,
DOC01739,,,,,,,,
DOC01740,,,,,,,,
DOC01741,,,,,,,,
DOC01742,,,,,,,,
DOC01743,,,,,,,,
DOC01744,,,,,,,,
DOC01745,,,,,,,,
DOC01746,,,,,,,,
DOC01747,,,,,,,,
DOC01748,,,,,,,,
DOC01749,,,,,,,,
DOC01750,,,,,,,,
DOC01751,,,,,,,,
DOC01752,,,,,,,,
DOC01753,,,,,,,,
DOC01754,,,,,,,,
DOC01755,,,,,,,,
DOC01756,,,,,,,,
DOC01757,,,,,,,,
DOC01758,,,,,,,,
DOC01759,,,,,,,,
DOC01760,,,,,,,,
DOC01761,,,,,,,,
DOC01762,,,,,,,,
DOC01763,,,,,,,,
DOC01764,,,,,,,,
DOC01765,,,,,,,,
DOC01766,,,,,,,,
DOC01767,,,,,,,,
DOC01768,,,,,,,,
DOC01769,,,,,,,,
DOC01770,,,,,,,,
DOC01771,,,,,,,,
DOC01772,,,,,,,,
DOC01773,,,,,,,,
DOC01774,,,,,,,,
DOC01775,,,,,,,,
DOC01776,,,,,,,,
DOC01777,,,,,,,,
DOC01778,,,,,,,,
DOC01779,,,,,,,,
DOC01780,,,,,,,,
DOC01781,,,,,,,,
DOC01782,,,,,,,,
DOC01783,,,,,,,,
DOC01784,,,,,,,,
DOC01785,,,,,,,,
DOC01786,,,,,,,,
DOC01787,,,,,,,,
DOC01788,,,,,,,,
DOC01789,,,,,,,,
DOC01790,,,,,,,,
DOC01791,,,,,,,,
DOC01792,,,,,,,,
DOC01793,,,,,,,,
DOC01794,,,,,,,,
DOC01795,,,,,,,,
DOC01796,,,,,,,,
DOC01797,,,,,,,,
DOC01798,,,,,,,,
DOC01799,,,,,,,,
DOC01800,,,,,,,,
DOC01801,,,,,,,,
DOC01802,,,,,,,,
DOC01803,,,,,,,,
DOC01804,,,,,,,,
DOC01805,,,,,,,,
DOC01806,,,,,,,,
DOC01807,,,,,,,,
DOC01808,,,,,,,,
DOC01809,,,,,,,,
DOC01810,,,,,,,,
DOC01811,,,,,,,,
DOC01812,,,,,,,,
DOC01813,,,,,,,,
DOC01814,,,,,,,,
DOC01815,,,,,,,,
DOC01816,,,,,,,,
DOC01817,,,,,,,,
DOC01818,,,,,,,,
DOC01819,,,,,,,,
DOC01820,,,,,,,,
DOC01821,,,,,,,,
DOC01822,,,,,,,,
DOC01823,,,,,,,,
DOC01824,,,,,,,,
DOC01825,,,,,,,,
DOC01826,,,,,,,,
DOC01827,,,,,,,,
DOC01828,,,,,,,,
DOC01829,,,,,,,,
DOC01830,,,,,,,,
DOC01831,,,,,,,,
DOC01832,,,,,,,,
DOC01833,,,,,,,,
DOC01834,,,,,,,,
DOC01835,,,,,,,,
DOC01836,,,,,,,,
DOC01837,,,,,,,,
DOC01838,,,,,,,,
DOC01839,,,,,,,,
DOC01840,,,,,,,,
DOC01841,,,,,,,,
DOC01842,,,,,,,,
DOC01843,,,,,,,,
DOC01844,,,,,,,,
DOC01845,,,,,,,,
DOC01846,,,,,,,,
DOC01847,,,,,,,,
DOC01848,,,,,,,,
DOC01849,,,,,,,,
DOC01850,,,,,,,,
DOC01851,,,,,,,,
DOC01852,,,,,,,,
DOC01853,,,,,,,,
DOC01854,,,,,,,,
DOC01855,,,,,,,,
DOC01856,,,,,,,,
DOC01857,,,,,,,,
DOC01858,,,,,,,,
DOC01859,,,,,,,,
DOC01860,,,,,,,,
DOC01861,,,,,,,,
DOC01862,,,,,,,,
DOC01863,,,,,,,,
DOC01864,,,,,,,,
DOC01865,,,,,,,,
DOC01866,,,,,,,,
DOC01867,,,,,,,,
DOC01868,,,,,,,,
DOC01869,,,,,,,,
DOC01870,,,,,,,,
DOC01871,,,,,,,,
DOC01872,,,,,,,,
DOC01873,,,,,,,,
DOC01874,,,,,,,,
DOC01875,,,,,,,,
DOC01876,,,,,,,,
DOC01877,,,,,,,,
DOC01878,,,,,,,,
DOC01879,,,,,,,,
DOC01880,,,,,,,,
DOC01881,,,,,,,,
DOC01882,,,,,,,,
DOC01883,,,,,,,,
DOC01884,,,,,,,,
DOC01885,,,,,,,,
DOC01886,,,,,,,,
DOC01887,,,,,,,,
DOC01888,,,,,,,,
DOC01889,,,,,,,,
DOC01890,,,,,,,,
DOC01891,,,,,,,,
DOC01892,,,,,,,,
DOC01893,,,,,,,,
DOC01894,,,,,,,,
DOC01895,,,,,,,,
DOC01896,,,,,,,,
DOC01897,,,,,,,,
DOC01898,,,,,,,,
DOC01899,,,,,,,,
DOC01900,,,,,,,,
DOC01901,,,,,,,,
DOC01902,,,,,,,,
DOC01903,,,,,,,,
DOC01904,,,,,,,,
DOC01905,,,,,,,,
DOC01906,,,,,,,,
DOC01907,,,,,,,,
DOC01908,,,,,,,,
DOC01909,,,,,,,,
DOC01910,,,,,,,,
DOC01911,,,,,,,,
DOC01912,,,,,,,,
DOC01913,,,,,,,,
DOC01914,,,,,,,,
DOC01915,,,,,,,,
DOC01916,,,,,,,,
DOC01917,,,,,,,,
DOC01918,,,,,,,,
DOC01919,,,,,,,,
DOC01920,,,,,,,,
DOC01921,,,,,,,,
DOC01922,,,,,,,,
DOC01923,,,,,,,,
DOC01924,,,,,,,,
DOC01925,,,,,,,,
DOC01926,,,,,,,,
DOC01927,,,,,,,,
DOC01928,,,,,,,,
DOC01929,,,,,,,,
DOC01930,,,,,,,,
DOC01931,,,,,,,,
DOC01932,,,,,,,,
DOC01933,,,,,,,,
DOC01934,,,,,,,,
DOC01935,,,,,,,,
DOC01936,,,,,,,,
DOC01937,,,,,,,,
DOC01938,,,,,,,,
DOC01939,,,,,,,,
DOC01940,,,,,,,,
DOC01941,,,,,,,,
DOC01942,,,,,,,,
DOC01943,,,,,,,,
DOC01944,,,,,,,,
DOC01945,,,,,,,,
DOC01946,,,,,,,,
DOC01947,,,,,,,,
DOC01948,,,,,,,,
DOC01949,,,,,,,,
DOC01950,,,,,,,,
DOC01951,,,,,,,,
DOC01952,,,,,,,,
DOC01953,,,,,,,,
DOC01954,,,,,,,,
DOC01955,,,,,,,,
DOC01956,,,,,,,,
DOC01957,,,,,,,,
DOC01958,,,,,,,,
DOC01959,,,,,,,,
DOC01960,,,,,,,,
DOC01961,,,,,,,,
DOC01962,,,,,,,,
DOC01963,,,,,,,,
DOC01964,,,,,,,,
DOC01965,,,,,,,,
DOC01966,,,,,,,,
DOC01967,,,,,,,,
DOC01968,,,,,,,,
DOC01969,,,,,,,,
DOC01970,,,,,,,,
DOC01971,,,,,,,,
DOC01972,,,,,,,,
DOC01973,,,,,,,,
DOC01974,,,,,,,,
DOC01975,,,,,,,,
DOC01976,,,,,,,,
DOC01977,,,,,,,,
DOC01978,,,,,,,,
DOC01979,,,,,,,,
DOC01980,,,,,,,,
DOC01981,,,,,,,,
DOC01982,,,,,,,,
DOC01983,,,,,,,,
DOC01984,,,,,,,,
DOC01985,,,,,,,,
DOC01986,,,,,,,,
DOC01987,,,,,,,,
DOC01988,,,,,,,,
DOC01989,,,,,,,,
DOC01990,,,,,,,,
DOC01991,,,,,,,,
DOC01992,,,,,,,,
DOC01993,,,,,,,,
DOC01994,,,,,,,,
DOC01995,,,,,,,,
DOC01996,,,,,,,,
DOC01997,,,,,,,,
DOC01998,,,,,,,,
DOC01999,,,,,,,,
DOC02000,,,,,,,,
DOC02001,,,,,,,,
DOC02002,,,,,,,,
DOC02003,,,,,,,,
DOC02004,,,,,,,,
DOC02005,,,,,,,,
DOC02006,,,,,,,,
DOC02007,,,,,,,,
DOC02008,,,,,,,,
DOC02009,,,,,,,,
DOC02010,,,,,,,,
DOC02011,,,,,,,,
DOC02012,,,,,,,,
DOC02013,,,,,,,,
DOC02014,,,,,,,,
DOC02015,,,,,,,,
DOC02016,,,,,,,,
DOC02017,,,,,,,,
DOC02018,,,,,,,,
DOC02019,,,,,,,,
DOC02020,,,,,,,,
DOC02021,,,,,,,,
DOC02022,,,,,,,,
DOC02023,,,,,,,,
DOC02024,,,,,,,,
DOC02025,,,,,,,,
DOC02026,,,,,,,,
DOC02027,,,,,,,,
DOC02028,,,,,,,,
DOC02029,,,,,,,,
DOC02030,,,,,,,,
DOC02031,,,,,,,,
DOC02032,,,,,,,,
DOC02033,,,,,,,,
DOC02034,,,,,,,,
DOC02035,,,,,,,,
DOC02036,,,,,,,,
DOC02037,,,,,,,,
DOC02038,,,,,,,,
DOC02039,,,,,,,,
DOC02040,,,,,,,,
DOC02041,,,,,,,,
DOC02042,,,,,,,,
DOC02043,,,,,,,,
DOC02044,,,,,,,,
DOC02045,,,,,,,,
DOC02046,,,,,,,,
DOC02047,,,,,,,,
DOC02048,,,,,,,,
DOC02049,,,,,,,,
DOC02050,,,,,,,,
DOC02051,,,,,,,,
DOC02052,,,,,,,,
DOC02053,,,,,,,,
DOC02054,,,,,,,,
DOC02055,,,,,,,,
DOC02056,,,,,,,,
DOC02057,,,,,,,,
DOC02058,,,,,,,,
DOC02059,,,,,,,,
DOC02060,,,,,,,,
DOC02061,,,,,,,,
DOC02062,,,,,,,,
DOC02063,,,,,,,,
DOC02064,,,,,,,,
DOC02065,,,,,,,,
DOC02066,,,,,,,,
DOC02067,,,,,,,,
DOC02068,,,,,,,,
DOC02069,,,,,,,,
DOC02070,,,,,,,,
DOC02071,,,,,,,,
DOC02072,,,,,,,,
DOC02073,,,,,,,,
DOC02074,,,,,,,,
DOC02075,,,,,,,,
DOC02076,,,,,,,,
DOC02077,,,,,,,,
DOC02078,,,,,,,,
DOC02079,,,,,,,,
DOC02080,,,,,,,,
DOC02081,,,,,,,,
DOC02082,,,,,,,,
DOC02083,,,,,,,,
DOC02084,,,,,,,,
DOC02085,,,,,,,,
DOC02086,,,,,,,,
DOC02087,,,,,,,,
DOC02088,,,,,,,,
DOC02089,,,,,,,,
DOC02090,,,,,,,,
DOC02091,,,,,,,,
DOC02092,,,,,,,,
DOC02093,,,,,,,,
DOC02094,,,,,,,,
DOC02095,,,,,,,,
DOC02096,,,,,,,,
DOC02097,,,,,,,,
DOC02098,,,,,,,,
DOC02099,,,,,,,,
DOC02100,,,,,,,,
DOC02101,,,,,,,,
DOC02102,,,,,,,,
DOC02103,,,,,,,,
DOC02104,,,,,,,,
DOC02105,,,,,,,,
DOC02106,,,,,,,,
DOC02107,,,,,,,,
DOC02108,,,,,,,,
DOC02109,,,,,,,,
DOC02110,,,,,,,,
DOC02111,,,,,,,,
DOC02112,,,,,,,,
DOC02113,,,,,,,,
DOC02114,,,,,,,,
DOC02115,,,,,,,,
DOC02116,,,,,,,,
DOC02117,,,,,,,,
DOC02118,,,,,,,,
DOC02119,,,,,,,,
DOC02120,,,,,,,,
DOC02121,,,,,,,,
DOC02122,,,,,,,,
DOC02123,,,,,,,,
DOC02124,,,,,,,,
DOC02125,,,,,,,,
DOC02126,,,,,,,,
DOC02127,,,,,,,,
DOC02128,,,,,,,,
DOC02129,,,,,,,,
DOC02130,,,,,,,,
DOC02131,,,,,,,,
DOC02132,,,,,,,,
DOC02133,,,,,,,,
DOC02134,,,,,,,,
DOC02135,,,,,,,,
DOC02136,,,,,,,,
DOC02137,,,,,,,,
DOC02138,,,,,,,,
DOC02139,,,,,,,,
DOC02140,,,,,,,,
DOC02141,,,,,,,,
DOC02142,,,,,,,,
DOC02143,,,,,,,,
DOC02144,,,,,,,,
DOC02145,,,,,,,,
DOC02146,,,,,,,,
DOC02147,,,,,,,,
DOC02148,,,,,,,,
DOC02149,,,,,,,,
DOC02150,,,,,,,,
DOC02151,,,,,,,,
DOC02152,,,,,,,,
DOC02153,,,,,,,,
DOC02154,,,,,,,,
DOC02155,,,,,,,,
DOC02156,,,,,,,,
DOC02157,,,,,,,,
DOC02158,,,,,,,,
DOC02159,,,,,,,,
DOC02160,,,,,,,,
DOC02161,,,,,,,,
DOC02162,,,,,,,,
DOC02163,,,,,,,,
DOC02164,,,,,,,,
DOC02165,,,,,,,,
DOC02166,,,,,,,,
DOC02167,,,,,,,,
DOC02168,,,,,,,,
DOC02169,,,,,,,,
DOC02170,,,,,,,,
DOC02171,,,,,,,,
DOC02172,,,,,,,,
DOC02173,,,,,,,,
DOC02174,,,,,,,,
DOC02175,,,,,,,,
DOC02176,,,,,,,,
DOC02177,,,,,,,,
DOC02178,,,,,,,,
DOC02179,,,,,,,,
DOC02180,,,,,,,,
DOC02181,,,,,,,,
DOC02182,,,,,,,,
DOC02183,,,,,,,,
DOC02184,,,,,,,,
DOC02185,,,,,,,,
DOC02186,,,,,,,,
DOC02187,,,,,,,,
DOC02188,,,,,,,,
DOC02189,,,,,,,,
DOC02190,,,,,,,,
DOC02191,,,,,,,,
DOC02192,,,,,,,,
DOC02193,,,,,,,,
DOC02194,,,,,,,,
DOC02195,,,,,,,,
DOC02196,,,,,,,,
DOC02197,,,,,,,,
DOC02198,,,,,,,,
DOC02199,,,,,,,,
DOC02200,,,,,,,,
DOC02201,,,,,,,,
DOC02202,,,,,,,,
DOC02203,,,,,,,,
DOC02204,,,,,,,,
DOC02205,,,,,,,,
DOC02206,,,,,,,,
DOC02207,,,,,,,,
DOC02208,,,,,,,,
DOC02209,,,,,,,,
DOC02210,,,,,,,,
DOC02211,,,,,,,,
DOC02212,,,,,,,,
DOC02213,,,,,,,,
DOC02214,,,,,,,,
DOC02215,,,,,,,,
DOC02216,,,,,,,,
DOC02217,,,,,,,,
DOC02218,,,,,,,,
DOC02219,,,,,,,,
DOC02220,,,,,,,,
DOC02221,,,,,,,,
DOC02222,,,,,,,,
DOC02223,,,,,,,,
DOC02224,,,,,,,,
DOC02225,,,,,,,,
DOC02226,,,,,,,,
DOC02227,,,,,,,,
DOC02228,,,,,,,,
DOC02229,,,,,,,,
DOC02230,,,,,,,,
DOC02231,,,,,,,,
DOC02232,,,,,,,,
DOC02233,,,,,,,,
DOC02234,,,,,,,,
DOC02235,,,,,,,,
DOC02236,,,,,,,,
DOC02237,,,,,,,,
DOC02238,,,,,,,,
DOC02239,,,,,,,,
DOC02240,,,,,,,,
DOC02241,,,,,,,,
DOC02242,,,,,,,,
DOC02243,,,,,,,,
DOC02244,,,,,,,,
DOC02245,,,,,,,,
DOC02246,,,,,,,,
DOC02247,,,,,,,,
DOC02248,,,,,,,,
DOC02249,,,,,,,,
DOC02250,,,,,,,,
DOC02251,,,,,,,,
DOC02252,,,,,,,,
DOC02253,,,,,,,,
DOC02254,,,,,,,,
DOC02255,,,,,,,,
DOC02256,,,,,,,,
DOC02257,,,,,,,,
DOC02258,,,,,,,,
DOC02259,,,,,,,,
DOC02260,,,,,,,,
DOC02261,,,,,,,,
DOC02262,,,,,,,,
DOC02263,,,,,,,,
DOC02264,,,,,,,,
DOC02265,,,,,,,,
DOC02266,,,,,,,,
DOC02267,,,,,,,,
DOC02268,,,,,,,,
DOC02269,,,,,,,,
DOC02270,,,,,,,,
DOC02271,,,,,,,,
DOC02272,,,,,,,,
DOC02273,,,,,,,,
DOC02274,,,,,,,,
DOC02275,,,,,,,,
DOC02276,,,,,,,,
DOC02277,,,,,,,,
DOC02278,,,,,,,,
DOC02279,,,,,,,,
DOC02280,,,,,,,,
DOC02281,,,,,,,,
DOC02282,,,,,,,,
DOC02283,,,,,,,,
DOC02284,,,,,,,,
DOC02285,,,,,,,,
DOC02286,,,,,,,,
DOC02287,,,,,,,,
DOC02288,,,,,,,,
DOC02289,,,,,,,,
DOC02290,,,,,,,,
DOC02291,,,,,,,,
DOC02292,,,,,,,,
DOC02293,,,,,,,,
DOC02294,,,,,,,,
DOC02295,,,,,,,,
DOC02296,,,,,,,,
DOC02297,,,,,,,,
DOC02298,,,,,,,,
DOC02299,,,,,,,,
DOC02300,,,,,,,,
DOC02301,,,,,,,,
DOC02302,,,,,,,,
DOC02303,,,,,,,,
DOC02304,,,,,,,,
DOC02305,,,,,,,,
DOC02306,,,,,,,,
DOC02307,,,,,,,,
DOC02308,,,,,,,,
DOC02309,,,,,,,,
DOC02310,,,,,,,,
DOC02311,,,,,,,,
DOC02312,,,,,,,,
DOC02313,,,,,,,,
DOC02314,,,,,,,,
DOC02315,,,,,,,,
DOC02316,,,,,,,,
DOC02317,,,,,,,,
DOC02318,,,,,,,,
DOC02319,,,,,,,,
DOC02320,,,,,,,,
DOC02321,,,,,,,,
DOC02322,,,,,,,,
DOC02323,,,,,,,,
DOC02324,,,,,,,,
DOC02325,,,,,,,,
DOC02326,,,,,,,,
DOC02327,,,,,,,,
DOC02328,,,,,,,,
DOC02329,,,,,,,,
DOC02330,,,,,,,,
DOC02331,,,,,,,,
DOC02332,,,,,,,,
DOC02333,,,,,,,,
DOC02334,,,,,,,,
DOC02335,,,,,,,,
DOC02336,,,,,,,,
DOC02337,,,,,,,,
DOC02338,,,,,,,,
DOC02339,,,,,,,,
DOC02340,,,,,,,,
DOC02341,,,,,,,,
DOC02342,,,,,,,,
DOC02343,,,,,,,,
DOC02344,,,,,,,,
DOC02345,,,,,,,,
DOC02346,,,,,,,,
DOC02347,,,,,,,,
DOC02348,,,,,,,,
DOC02349,,,,,,,,
DOC02350,,,,,,,,
DOC02351,,,,,,,,
DOC02352,,,,,,,,
DOC02353,,,,,,,,
DOC02354,,,,,,,,
DOC02355,,,,,,,,
DOC02356,,,,,,,,
DOC02357,,,,,,,,
DOC02358,,,,,,,,
DOC02359,,,,,,,,
DOC02360,,,,,,,,
DOC02361,,,,,,,,
DOC02362,,,,,,,,
DOC02363,,,,,,,,
DOC02364,,,,,,,,
DOC02365,,,,,,,,
DOC02366,,,,,,,,
DOC02367,,,,,,,,
DOC02368,,,,,,,,
DOC02369,,,,,,,,
DOC02370,,,,,,,,
DOC02371,,,,,,,,
DOC02372,,,,,,,,
DOC02373,,,,,,,,
DOC02374,,,,,,,,
DOC02375,,,,,,,,
DOC02376,,,,,,,,
DOC02377,,,,,,,,
DOC02378,,,,,,,,
DOC02379,,,,,,,,
DOC02380,,,,,,,,
DOC02381,,,,,,,,
DOC02382,,,,,,,,
DOC02383,,,,,,,,
DOC02384,,,,,,,,
DOC02385,,,,,,,,
DOC02386,,,,,,,,
DOC02387,,,,,,,,
DOC02388,,,,,,,,
DOC02389,,,,,,,,
DOC02390,,,,,,,,
DOC02391,,,,,,,,
DOC02392,,,,,,,,
DOC02393,,,,,,,,
DOC02394,,,,,,,,
DOC02395,,,,,,,,
DOC02396,,,,,,,,
DOC02397,,,,,,,,
DOC02398,,,,,,,,
DOC02399,,,,,,,,
DOC02400,,,,,,,,
DOC02401,,,,,,,,
DOC02402,,,,,,,,
DOC02403,,,,,,,,
DOC02404,,,,,,,,
DOC02405,,,,,,,,
DOC02406,,,,,,,,
DOC02407,,,,,,,,
DOC02408,,,,,,,,
DOC02409,,,,,,,,
DOC02410,,,,,,,,
DOC02411,,,,,,,,
DOC02412,,,,,,,,
DOC02413,,,,,,,,
DOC02414,,,,,,,,
DOC02415,,,,,,,,
DOC02416,,,,,,,,
DOC02417,,,,,,,,
DOC02418,,,,,,,,
DOC02419,,,,,,,,
DOC02420,,,,,,,,
DOC02421,,,,,,,,
DOC02422,,,,,,,,
DOC02423,,,,,,,,
DOC02424,,,,,,,,
DOC02425,,,,,,,,
DOC02426,,,,,,,,
DOC02427,,,,,,,,
DOC02428,,,,,,,,
DOC02429,,,,,,,,
DOC02430,,,,,,,,
DOC02431,,,,,,,,
DOC02432,,,,,,,,
DOC02433,,,,,,,,
DOC02434,,,,,,,,
DOC02435,,,,,,,,
DOC02436,,,,,,,,
DOC02437,,,,,,,,
DOC02438,,,,,,,,
DOC02439,,,,,,,,
DOC02440,,,,,,,,
DOC02441,,,,,,,,
DOC02442,,,,,,,,
DOC02443,,,,,,,,
DOC02444,,,,,,,,
DOC02445,,,,,,,,
DOC02446,,,,,,,,
DOC02447,,,,,,,,
DOC02448,,,,,,,,
DOC02449,,,,,,,,
DOC02450,,,,,,,,
DOC02451,,,,,,,,
DOC02452,,,,,,,,
DOC02453,,,,,,,,
DOC02454,,,,,,,,
DOC02455,,,,,,,,
DOC02456,,,,,,,,
DOC02457,,,,,,,,
DOC02458,,,,,,,,
DOC02459,,,,,,,,
DOC02460,,,,,,,,
DOC02461,,,,,,,,
DOC02462,,,,,,,,
DOC02463,,,,,,,,
DOC02464,,,,,,,,
DOC02465,,,,,,,,
DOC02466,,,,,,,,
DOC02467,,,,,,,,
DOC02468,,,,,,,,
DOC02469,,,,,,,,
DOC02470,,,,,,,,
DOC02471,,,,,,,,
DOC02472,,,,,,,,
DOC02473,,,,,,,,
DOC02474,,,,,,,,
DOC02475,,,,,,,,
DOC02476,,,,,,,,
DOC02477,,,,,,,,
DOC02478,,,,,,,,
DOC02479,,,,,,,,
DOC02480,,,,,,,,
DOC02481,,,,,,,,
DOC02482,,,,,,,,
DOC02483,,,,,,,,
DOC02484,,,,,,,,
DOC02485,,,,,,,,
DOC02486,,,,,,,,
DOC02487,,,,,,,,
DOC02488,,,,,,,,
DOC02489,,,,,,,,
DOC02490,,,,,,,,
DOC02491,,,,,,,,
DOC02492,,,,,,,,
DOC02493,,,,,,,,
DOC02494,,,,,,,,
DOC02495,,,,,,,,
DOC02496,,,,,,,,
DOC02497,,,,,,,,
DOC02498,,,,,,,,
DOC02499,,,,,,,,
DOC02500,,,,,,,,
DOC02501,,,,,,,,
DOC02502,,,,,,,,
DOC02503,,,,,,,,
DOC02504,,,,,,,,
DOC02505,,,,,,,,
DOC02506,,,,,,,,
DOC02507,,,,,,,,
DOC02508,,,,,,,,
DOC02509,,,,,,,,
DOC02510,,,,,,,,
DOC02511,,,,,,,,
DOC02512,,,,,,,,
DOC02513,,,,,,,,
DOC02514,,,,,,,,
DOC02515,,,,,,,,
DOC02516,,,,,,,,
DOC02517,,,,,,,,
DOC02518,,,,,,,,
DOC02519,,,,,,,,
DOC02520,,,,,,,,
DOC02521,,,,,,,,
DOC02522,,,,,,,,
DOC02523,,,,,,,,
DOC02524,,,,,,,,
DOC02525,,,,,,,,
DOC02526,,,,,,,,
DOC02527,,,,,,,,
DOC02528,,,,,,,,
DOC02529,,,,,,,,
DOC02530,,,,,,,,
DOC02531,,,,,,,,
DOC02532,,,,,,,,
DOC02533,,,,,,,,
DOC02534,,,,,,,,
DOC02535,,,,,,,,
DOC02536,,,,,,,,
DOC02537,,,,,,,,
DOC02538,,,,,,,,
DOC02539,,,,,,,,
DOC02540,,,,,,,,
DOC02541,,,,,,,,
DOC02542,,,,,,,,
DOC02543,,,,,,,,
DOC02544,,,,,,,,
DOC02545,,,,,,,,
DOC02546,,,,,,,,
DOC02547,,,,,,,,
DOC02548,,,,,,,,
DOC02549,,,,,,,,
DOC02550,,,,,,,,
DOC02551,,,,,,,,
DOC02552,,,,,,,,
DOC02553,,,,,,,,
DOC02554,,,,,,,,
DOC02555,,,,,,,,
DOC02556,,,,,,,,
DOC02557,,,,,,,,
DOC02558,,,,,,,,
DOC02559,,,,,,,,
DOC02560,,,,,,,,
DOC02561,,,,,,,,
DOC02562,,,,,,,,
DOC02563,,,,,,,,
DOC02564,,,,,,,,
DOC02565,,,,,,,,
DOC02566,,,,,,,,
DOC02567,,,,,,,,
DOC02568,,,,,,,,
DOC02569,,,,,,,,
DOC02570,,,,,,,,
DOC02571,,,,,,,,
DOC02572,,,,,,,,
DOC02573,,,,,,,,
DOC02574,,,,,,,,
DOC02575,,,,,,,,
DOC02576,,,,,,,,
DOC02577,,,,,,,,
DOC02578,,,,,,,,
DOC02579,,,,,,,,
DOC02580,,,,,,,,
DOC02581,,,,,,,,
DOC02582,,,,,,,,
DOC02583,,,,,,,,
DOC02584,,,,,,,,
DOC02585,,,,,,,,
DOC02586,,,,,,,,
DOC02587,,,,,,,,
DOC02588,,,,,,,,
DOC02589,,,,,,,,
DOC02590,,,,,,,,
DOC02591,,,,,,,,
DOC02592,,,,,,,,
DOC02593,,,,,,,,
DOC02594,,,,,,,,
DOC02595,,,,,,,,
DOC02596,,,,,,,,
DOC02597,,,,,,,,
DOC02598,,,,,,,,
DOC02599,,,,,,,,
DOC02600,,,,,,,,
DOC02601,,,,,,,,
DOC02602,,,,,,,,
DOC02603,,,,,,,,
DOC02604,,,,,,,,
DOC02605,,,,,,,,
DOC02606,,,,,,,,
DOC02607,,,,,,,,
DOC02608,,,,,,,,
DOC02609,,,,,,,,
DOC02610,,,,,,,,
DOC02611,,,,,,,,
DOC02612,,,,,,,,
DOC02613,,,,,,,,
DOC02614,,,,,,,,
DOC02615,,,,,,,,
DOC02616,,,,,,,,
DOC02617,,,,,,,,
DOC02618,,,,,,,,
DOC02619,,,,,,,,
DOC02620,,,,,,,,
DOC02621,,,,,,,,
DOC02622,,,,,,,,
DOC02623,,,,,,,,
DOC02624,,,,,,,,
DOC02625,,,,,,,,
DOC02626,,,,,,,,
DOC02627,,,,,,,,
DOC02628,,,,,,,,
DOC02629,,,,,,,,
DOC02630,,,,,,,,
DOC02631,,,,,,,,
DOC02632,,,,,,,,
DOC02633,,,,,,,,
DOC02634,,,,,,,,
DOC02635,,,,,,,,
DOC02636,,,,,,,,
DOC02637,,,,,,,,
DOC02638,,,,,,,,
DOC02639,,,,,,,,
DOC02640,,,,,,,,
DOC02641,,,,,,,,
DOC02642,,,,,,,,
DOC02643,,,,,,,,
DOC02644,,,,,,,,
DOC02645,,,,,,,,
DOC02646,,,,,,,,
DOC02647,,,,,,,,
DOC02648,,,,,,,,
DOC02649,,,,,,,,
DOC02650,,,,,,,,
DOC02651,,,,,,,,
DOC02652,,,,,,,,
DOC02653,,,,,,,,
DOC02654,,,,,,,,
DOC02655,,,,,,,,
DOC02656,,,,,,,,
DOC02657,,,,,,,,
DOC02658,,,,,,,,
DOC02659,,,,,,,,
DOC02660,,,,,,,,
DOC02661,,,,,,,,
DOC02662,,,,,,,,
DOC02663,,,,,,,,
DOC02664,,,,,,,,
DOC02665,,,,,,,,
DOC02666,,,,,,,,
DOC02667,,,,,,,,
DOC02668,,,,,,,,
DOC02669,,,,,,,,
DOC02670,,,,,,,,
DOC02671,,,,,,,,
DOC02672,,,,,,,,
DOC02673,,,,,,,,
DOC02674,,,,,,,,
DOC02675,,,,,,,,
DOC02676,,,,,,,,
DOC02677,,,,,,,,
DOC02678,,,,,,,,
DOC02679,,,,,,,,
DOC02680,,,,,,,,
DOC02681,,,,,,,,
DOC02682,,,,,,,,
DOC02683,,,,,,,,
DOC02684,,,,,,,,
DOC02685,,,,,,,,
DOC02686,,,,,,,,
DOC02687,,,,,,,,
DOC02688,,,,,,,,
DOC02689,,,,,,,,
DOC02690,,,,,,,,
DOC02691,,,,,,,,
DOC02692,,,,,,,,
DOC02693,,,,,,,,
DOC02694,,,,,,,,
DOC02695,,,,,,,,
DOC02696,,,,,,,,
DOC02697,,,,,,,,
DOC02698,,,,,,,,
DOC02699,,,,,,,,
DOC02700,,,,,,,,
DOC02701,,,,,,,,
DOC02702,,,,,,,,
DOC02703,,,,,,,,
DOC02704,,,,,,,,
DOC02705,,,,,,,,
DOC02706,,,,,,,,
DOC02707,,,,,,,,
DOC02708,,,,,,,,
DOC02709,,,,,,,,
DOC02710,,,,,,,,
DOC02711,,,,,,,,
DOC02712,,,,,,,,
DOC02713,,,,,,,,
DOC02714,,,,,,,,
DOC02715,,,,,,,,
DOC02716,,,,,,,,
DOC02717,,,,,,,,
DOC02718,,,,,,,,
DOC02719,,,,,,,,
DOC02720,,,,,,,,
DOC02721,,,,,,,,
DOC02722,,,,,,,,
DOC02723,,,,,,,,
DOC02724,,,,,,,,
DOC02725,,,,,,,,
DOC02726,,,,,,,,
DOC02727,,,,,,,,
DOC02728,,,,,,,,
DOC02729,,,,,,,,
DOC02730,,,,,,,,
DOC02731,,,,,,,,
DOC02732,,,,,,,,
DOC02733,,,,,,,,
DOC02734,,,,,,,,
DOC02735,,,,,,,,
DOC02736,,,,,,,,
DOC02737,,,,,,,,
DOC02738,,,,,,,,
DOC02739,,,,,,,,
DOC02740,,,,,,,,
DOC02741,,,,,,,,
DOC02742,,,,,,,,
DOC02743,,,,,,,,
DOC02744,,,,,,,,
DOC02745,,,,,,,,
DOC02746,,,,,,,,
DOC02747,,,,,,,,
DOC02748,,,,,,,,
DOC02749,,,,,,,,
DOC02750,,,,,,,,
DOC02751,,,,,,,,
DOC02752,,,,,,,,
DOC02753,,,,,,,,
DOC02754,,,,,,,,
DOC02755,,,,,,,,
DOC02756,,,,,,,,
DOC02757,,,,,,,,
DOC02758,,,,,,,,
DOC02759,,,,,,,,
DOC02760,,,,,,,,
DOC02761,,,,,,,,
DOC02762,,,,,,,,
DOC02763,,,,,,,,
DOC02764,,,,,,,,
DOC02765,,,,,,,,
DOC02766,,,,,,,,
DOC02767,,,,,,,,
DOC02768,,,,,,,,
DOC02769,,,,,,,,
DOC02770,,,,,,,,
DOC02771,,,,,,,,
DOC02772,,,,,,,,
DOC02773,,,,,,,,
DOC02774,,,,,,,,
DOC02775,,,,,,,,
DOC02776,,,,,,,,
DOC02777,,,,,,,,
DOC02778,,,,,,,,
DOC02779,,,,,,,,
DOC02780,,,,,,,,
DOC02781,,,,,,,,
DOC02782,,,,,,,,
DOC02783,,,,,,,,
DOC02784,,,,,,,,
DOC02785,,,,,,,,
DOC02786,,,,,,,,
DOC02787,,,,,,,,
DOC02788,,,,,,,,
DOC02789,,,,,,,,
DOC02790,,,,,,,,
DOC02791,,,,,,,,
DOC02792,,,,,,,,
DOC02793,,,,,,,,
DOC02794,,,,,,,,
DOC02795,,,,,,,,
DOC02796,,,,,,,,
DOC02797,,,,,,,,
DOC02798,,,,,,,,
DOC02799,,,,,,,,
DOC02800,,,,,,,,
DOC02801,,,,,,,,
DOC02802,,,,,,,,
DOC02803,,,,,,,,
DOC02804,,,,,,,,
DOC02805,,,,,,,,
DOC02806,,,,,,,,
DOC02807,,,,,,,,
DOC02808,,,,,,,,
DOC02809,,,,,,,,
DOC02810,,,,,,,,
DOC02811,,,,,,,,
DOC02812,,,,,,,,
DOC02813,,,,,,,,
DOC02814,,,,,,,,
DOC02815,,,,,,,,
DOC02816,,,,,,,,
DOC02817,,,,,,,,
DOC02818,,,,,,,,
DOC02819,,,,,,,,
DOC02820,,,,,,,,
DOC02821,,,,,,,,
DOC02822,,,,,,,,
DOC02823,,,,,,,,
DOC02824,,,,,,,,
DOC02825,,,,,,,,
DOC02826,,,,,,,,
DOC02827,,,,,,,,
DOC02828,,,,,,,,
DOC02829,,,,,,,,
DOC02830,,,,,,,,
DOC02831,,,,,,,,
DOC02832,,,,,,,,
DOC02833,,,,,,,,
DOC02834,,,,,,,,
DOC02835,,,,,,,,
DOC02836,,,,,,,,
DOC02837,,,,,,,,
DOC02838,,,,,,,,
DOC02839,,,,,,,,
DOC02840,,,,,,,,
DOC02841,,,,,,,,
DOC02842,,,,,,,,
DOC02843,,,,,,,,
DOC02844,,,,,,,,
DOC02845,,,,,,,,
DOC02846,,,,,,,,
DOC02847,,,,,,,,
DOC02848,,,,,,,,
DOC02849,,,,,,,,
DOC02850,,,,,,,,
DOC02851,,,,,,,,
DOC02852,,,,,,,,
DOC02853,,,,,,,,
DOC02854,,,,,,,,
DOC02855,,,,,,,,
DOC02856,,,,,,,,
DOC02857,,,,,,,,
DOC02858,,,,,,,,
DOC02859,,,,,,,,
DOC02860,,,,,,,,
DOC02861,,,,,,,,
DOC02862,,,,,,,,
DOC02863,,,,,,,,
DOC02864,,,,,,,,
DOC02865,,,,,,,,
DOC02866,,,,,,,,
DOC02867,,,,,,,,
DOC02868,,,,,,,,
DOC02869,,,,,,,,
DOC02870,,,,,,,,
DOC02871,,,,,,,,
DOC02872,,,,,,,,
DOC02873,,,,,,,,
DOC02874,,,,,,,,
DOC02875,,,,,,,,
DOC02876,,,,,,,,
DOC02877,,,,,,,,
DOC02878,,,,,,,,
DOC02879,,,,,,,,
DOC02880,,,,,,,,
DOC02881,,,,,,,,
DOC02882,,,,,,,,
DOC02883,,,,,,,,
DOC02884,,,,,,,,
DOC02885,,,,,,,,
DOC02886,,,,,,,,
DOC02887,,,,,,,,
DOC02888,,,,,,,,
DOC02889,,,,,,,,
DOC02890,,,,,,,,
DOC02891,,,,,,,,
DOC02892,,,,,,,,
DOC02893,,,,,,,,
DOC02894,,,,,,,,
DOC02895,,,,,,,,
DOC02896,,,,,,,,
DOC02897,,,,,,,,
DOC02898,,,,,,,,
DOC02899,,,,,,,,
DOC02900,,,,,,,,
DOC02901,,,,,,,,
DOC02902,,,,,,,,
DOC02903,,,,,,,,
DOC02904,,,,,,,,
DOC02905,,,,,,,,
DOC02906,,,,,,,,
DOC02907,,,,,,,,
DOC02908,,,,,,,,
DOC02909,,,,,,,,
DOC02910,,,,,,,,
DOC02911,,,,,,,,
DOC02912,,,,,,,,
DOC02913,,,,,,,,
DOC02914,,,,,,,,
DOC02915,,,,,,,,
DOC02916,,,,,,,,
DOC02917,,,,,,,,
DOC02918,,,,,,,,
DOC02919,,,,,,,,
DOC02920,,,,,,,,
DOC02921,,,,,,,,
DOC02922,,,,,,,,
DOC02923,,,,,,,,
DOC02924,,,,,,,,
DOC02925,,,,,,,,
DOC02926,,,,,,,,
DOC02927,,,,,,,,
DOC02928,,,,,,,,
DOC02929,,,,,,,,
DOC02930,,,,,,,,
DOC02931,,,,,,,,
DOC02932,,,,,,,,
DOC02933,,,,,,,,
DOC02934,,,,,,,,
DOC02935,,,,,,,,
DOC02936,,,,,,,,
DOC02937,,,,,,,,
DOC02938,,,,,,,,
DOC02939,,,,,,,,
DOC02940,,,,,,,,
DOC02941,,,,,,,,
DOC02942,,,,,,,,
DOC02943,,,,,,,,
DOC02944,,,,,,,,
DOC02945,,,,,,,,
DOC02946,,,,,,,,
DOC02947,,,,,,,,
DOC02948,,,,,,,,
DOC02949,,,,,,,,
DOC02950,,,,,,,,
DOC02951,,,,,,,,
DOC02952,,,,,,,,
DOC02953,,,,,,,,
DOC02954,,,,,,,,
DOC02955,,,,,,,,
DOC02956,,,,,,,,
DOC02957,,,,,,,,
DOC02958,,,,,,,,
DOC02959,,,,,,,,
DOC02960,,,,,,,,
DOC02961,,,,,,,,
DOC02962,,,,,,,,
DOC02963,,,,,,,,
DOC02964,,,,,,,,
DOC02965,,,,,,,,
DOC02966,,,,,,,,
DOC02967,,,,,,,,
DOC02968,,,,,,,,
DOC02969,,,,,,,,
DOC02970,,,,,,,,
DOC02971,,,,,,,,
DOC02972,,,,,,,,
DOC02973,,,,,,,,
DOC02974,,,,,,,,
DOC02975,,,,,,,,
DOC02976,,,,,,,,
DOC02977,,,,,,,,
DOC02978,,,,,,,,
DOC02979,,,,,,,,
DOC02980,,,,,,,,
DOC02981,,,,,,,,
DOC02982,,,,,,,,
DOC02983,,,,,,,,
DOC02984,,,,,,,,
DOC02985,,,,,,,,
DOC02986,,,,,,,,
DOC02987,,,,,,,,
DOC02988,,,,,,,,
DOC02989,,,,,,,,
DOC02990,,,,,,,,
DOC02991,,,,,,,,
DOC02992,,,,,,,,
DOC02993,,,,,,,,
DOC02994,,,,,,,,
DOC02995,,,,,,,,
DOC02996,,,,,,,,
DOC02997,,,,,,,,
DOC02998,,,,,,,,
DOC02999,,,,,,,,
DOC03000,,,,,,,,
DOC03001,,,,,,,,
DOC03002,,,,,,,,
DOC03003,,,,,,,,
DOC03004,,,,,,,,
DOC03005,,,,,,,,
DOC03006,,,,,,,,
DOC03007,,,,,,,,
DOC03008,,,,,,,,
DOC03009,,,,,,,,
DOC03010,,,,,,,,
DOC03011,,,,,,,,
DOC03012,,,,,,,,
DOC03013,,,,,,,,
DOC03014,,,,,,,,
DOC03015,,,,,,,,
DOC03016,,,,,,,,
DOC03017,,,,,,,,
DOC03018,,,,,,,,
DOC03019,,,,,,,,
DOC03020,,,,,,,,
DOC03021,,,,,,,,
DOC03022,,,,,,,,
DOC03023,,,,,,,,
DOC03024,,,,,,,,
DOC03025,,,,,,,,
DOC03026,,,,,,,,
DOC03027,,,,,,,,
DOC03028,,,,,,,,
DOC03029,,,,,,,,
DOC03030,,,,,,,,
DOC03031,,,,,,,,
DOC03032,,,,,,,,
DOC03033,,,,,,,,
DOC03034,,,,,,,,
DOC03035,,,,,,,,
DOC03036,,,,,,,,
DOC03037,,,,,,,,
DOC03038,,,,,,,,
DOC03039,,,,,,,,
DOC03040,,,,,,,,
DOC03041,,,,,,,,
DOC03042,,,,,,,,
DOC03043,,,,,,,,
DOC03044,,,,,,,,
DOC03045,,,,,,,,
DOC03046,,,,,,,,
DOC03047,,,,,,,,
DOC03048,,,,,,,,
DOC03049,,,,,,,,
DOC03050,,,,,,,,
DOC03051,,,,,,,,
DOC03052,,,,,,,,
DOC03053,,,,,,,,
DOC03054,,,,,,,,
DOC03055,,,,,,,,
DOC03056,,,,,,,,
DOC03057,,,,,,,,
DOC03058,,,,,,,,
DOC03059,,,,,,,,
DOC03060,,,,,,,,
DOC03061,,,,,,,,
DOC03062,,,,,,,,
DOC03063,,,,,,,,
DOC03064,,,,,,,,
DOC03065,,,,,,,,
DOC03066,,,,,,,,
DOC03067,,,,,,,,
DOC03068,,,,,,,,
DOC03069,,,,,,,,
DOC03070,,,,,,,,
DOC03071,,,,,,,,
DOC03072,,,,,,,,
DOC03073,,,,,,,,
DOC03074,,,,,,,,
DOC03075,,,,,,,,
DOC03076,,,,,,,,
DOC03077,,,,,,,,
DOC03078,,,,,,,,
DOC03079,,,,,,,,
DOC03080,,,,,,,,
DOC03081,,,,,,,,
DOC03082,,,,,,,,
DOC03083,,,,,,,,
DOC03084,,,,,,,,
DOC03085,,,,,,,,
DOC03086,,,,,,,,
DOC03087,,,,,,,,
DOC03088,,,,,,,,
DOC03089,,,,,,,,
DOC03090,,,,,,,,
DOC03091,,,,,,,,
DOC03092,,,,,,,,
DOC03093,,,,,,,,
DOC03094,,,,,,,,
DOC03095,,,,,,,,
DOC03096,,,,,,,,
DOC03097,,,,,,,,
DOC03098,,,,,,,,
DOC03099,,,,,,,,
DOC03100,,,,,,,,
DOC03101,,,,,,,,
DOC03102,,,,,,,,
DOC03103,,,,,,,,
DOC03104,,,,,,,,
DOC03105,,,,,,,,
DOC03106,,,,,,,,
DOC03107,,,,,,,,
DOC03108,,,,,,,,
DOC03109,,,,,,,,
DOC03110,,,,,,,,
DOC03111,,,,,,,,
DOC03112,,,,,,,,
DOC03113,,,,,,,,
DOC03114,,,,,,,,
DOC03115,,,,,,,,
DOC03116,,,,,,,,
DOC03117,,,,,,,,
DOC03118,,,,,,,,
DOC03119,,,,,,,,
DOC03120,,,,,,,,
DOC03121,,,,,,,,
DOC03122,,,,,,,,
DOC03123,,,,,,,,
DOC03124,,,,,,,,
DOC03125,,,,,,,,
DOC03126,,,,,,,,
DOC03127,,,,,,,,
DOC03128,,,,,,,,
DOC03129,,,,,,,,
DOC03130,,,,,,,,
DOC03131,,,,,,,,
DOC03132,,,,,,,,
DOC03133,,,,,,,,
DOC03134,,,,,,,,
DOC03135,,,,,,,,
DOC03136,,,,,,,,
DOC03137,,,,,,,,
DOC03138,,,,,,,,
DOC03139,,,,,,,,
DOC03140,,,,,,,,
DOC03141,,,,,,,,
DOC03142,,,,,,,,
DOC03143,,,,,,,,
DOC03144,,,,,,,,
DOC03145,,,,,,,,
DOC03146,,,,,,,,
DOC03147,,,,,,,,
DOC03148,,,,,,,,
DOC03149,,,,,,,,
DOC03150,,,,,,,,
DOC03151,,,,,,,,
DOC03152,,,,,,,,
DOC03153,,,,,,,,
DOC03154,,,,,,,,
DOC03155,,,,,,,,
DOC03156,,,,,,,,
DOC03157,,,,,,,,
DOC03158,,,,,,,,
DOC03159,,,,,,,,
DOC03160,,,,,,,,
DOC03161,,,,,,,,
DOC03162,,,,,,,,
DOC03163,,,,,,,,
DOC03164,,,,,,,,
DOC03165,,,,,,,,
DOC03166,,,,,,,,
DOC03167,,,,,,,,
DOC03168,,,,,,,,
DOC03169,,,,,,,,
DOC03170,,,,,,,,
DOC03171,,,,,,,,
DOC03172,,,,,,,,
DOC03173,,,,,,,,
DOC03174,,,,,,,,
DOC03175,,,,,,,,
DOC03176,,,,,,,,
DOC03177,,,,,,,,
DOC03178,,,,,,,,
DOC03179,,,,,,,,
DOC03180,,,,,,,,
DOC03181,,,,,,,,
DOC03182,,,,,,,,
DOC03183,,,,,,,,
DOC03184,,,,,,,,
DOC03185,,,,,,,,
DOC03186,,,,,,,,
DOC03187,,,,,,,,
DOC03188,,,,,,,,
DOC03189,,,,,,,,
DOC03190,,,,,,,,
DOC03191,,,,,,,,
DOC03192,,,,,,,,
DOC03193,,,,,,,,
DOC03194,,,,,,,,
DOC03195,,,,,,,,
DOC03196,,,,,,,,
DOC03197,,,,,,,,
DOC03198,,,,,,,,
DOC03199,,,,,,,,
DOC03200,Dr. Jeffrey Martinez,Internal Medicine,FAC01498,Emirates Medical Center - Dubai,Dubai,General Practitioner,26.0,Active
