Facility_ID,Facility_Name,Facility_Type,Facility_Size,Emirate,Region,City,Ownership,Regulator,Facility_Status
FAC00001,,,,,,,,,
FAC00002,,,,,,,,,
FAC00003,,,,,,,,,
FAC00004,,,,,,,,,
FAC00005,,,,,,,,,
FAC00006,,,,,,,,,
FAC00007,,,,,,,,,
FAC00008,,,,,,,,,
FAC00009,,,,,,,,,
FAC00010,,,,,,,,,
FAC00011,,,,,,,,,
FAC00012,,,,,,,,,
FAC00013,,,,,,,,,
FAC00014,,,,,,,,,
FAC00015,,,,,,,,,
FAC00016,,,,,,,,,
FAC00017,,,,,,,,,
FAC00018,,,,,,,,,
FAC00019,,,,,,,,,
FAC00020,,,,,,,,,
FAC00021,,,,,,,,,
FAC00022,,,,,,,,,
FAC00023,,,,,,,,,
FAC00024,,,,,,,,,
FAC00025,,,,,,,,,
FAC00026,,,,,,,,,
FAC00027,,,,,,,,,
FAC00028,,,,,,,,,
FAC00029,,,,,,,,,
FAC00030,,,,,,,,,
FAC00031,,,,,,,,,
FAC00032,,,,,,,,,
FAC00033,,,,,,,,,
FAC00034,,,,,,,,,
FAC00035,,,,,,,,,
FAC00036,,,,,,,,,
FAC00037,,,,,,,,,
FAC00038,,,,,,,,,
FAC00039,,,,,,,,,
FAC00040,,,,,,,,,
FAC00041,,,,,,,,,
FAC00042,,,,,,,,,
FAC00043,,,,,,,,,
FAC00044,,,,,,,,,
FAC00045,,,,,,,,,
FAC00046,,,,,,,,,
FAC00047,,,,,,,,,
FAC00048,,,,,,,,,
FAC00049,,,,,,,,,
FAC00050,,,,,,,,,
FAC00051,,,,,,,,,
FAC00052,,,,,,,,,
FAC00053,,,,,,,,,
FAC00054,,,,,,,,,
FAC00055,,,,,,,,,
FAC00056,,,,,,,,,
FAC00057,,,,,,,,,
FAC00058,,,,,,,,,
FAC00059,,,,,,,,,
FAC00060,,,,,,,,,
FAC00061,,,,,,,,,
FAC00062,,,,,,,,,
FAC00063,,,,,,,,,
FAC00064,,,,,,,,,
FAC00065,,,,,,,,,
FAC00066,,,,,,,,,
FAC00067,,,,,,,,,
FAC00068,,,,,,,,,
FAC00069,,,,,,,,,
FAC00070,,,,,,,,,
FAC00071,,,,,,,,,
FAC00072,,,,,,,,,
FAC00073,,,,,,,,,
FAC00074,,,,,,,,,
FAC00075,,,,,,,,,
FAC00076,,,,,,,,,
FAC00077,,,,,,,,,
FAC00078,,,,,,,,,
FAC00079,,,,,,,,,
FAC00080,,,,,,,,,
FAC00081,,,,,,,,,
FAC00082,,,,,,,,,
FAC00083,,,,,,,,,
FAC00084,,,,,,,,,
FAC00085,,,,,,,,,
FAC00086,,,,,,,,,
FAC00087,,,,,,,,,
FAC00088,,,,,,,,,
FAC00089,,,,,,,,,
FAC00090,,,,,,,,,
FAC00091,,,,,,,,,
FAC00092,,,,,,,,,
FAC00093,,,,,,,,,
FAC00094,,,,,,,,,
FAC00095,,,,,,,,,
FAC00096,,,,,,,,,
FAC00097,,,,,,,,,
FAC00098,,,,,,,,,
FAC00099,,,,,,,,,
FAC00100,,,,,,,,,
FAC00101,,,,,,,,,
FAC00102,,,,,,,,,
FAC00103,,,,,,,,,
FAC00104,,,,,,,,,
FAC00105,,,,,,,,,
FAC00106,,,,,,,,,
FAC00107,,,,,,,,,
FAC00108,,,,,,,,,
FAC00109,,,,,,,,,
FAC00110,,,,,,,,,
FAC00111,,,,,,,,,
FAC00112,,,,,,,,,
FAC00113,,,,,,,,,
FAC00114,,,,,,,,,
FAC00115,,,,,,,,,
FAC00116,,,,,,,,,
FAC00117,,,,,,,,,
FAC00118,,,,,,,,,
FAC00119,,,,,,,,,
FAC00120,,,,,,,,,
FAC00121,,,,,,,,,
FAC00122,,,,,,,,,
FAC00123,,,,,,,,,
FAC00124,,,,,,,,,
FAC00125,,,,,,,,,
FAC00126,,,,,,,,,
FAC00127,,,,,,,,,
FAC00128,,,,,,,,,
FAC00129,,,,,,,,,
FAC00130,,,,,,,,,
FAC00131,,,,,,,,,
FAC00132,,,,,,,,,
FAC00133,,,,,,,,,
FAC00134,,,,,,,,,
FAC00135,,,,,,,,,
FAC00136,,,,,,,,,
FAC00137,,,,,,,,,
FAC00138,,,,,,,,,
FAC00139,,,,,,,,,
FAC00140,,,,,,,,,
FAC00141,,,,,,,,,
FAC00142,,,,,,,,,
FAC00143,,,,,,,,,
FAC00144,,,,,,,,,
FAC00145,,,,,,,,,
FAC00146,,,,,,,,,
FAC00147,,,,,,,,,
FAC00148,,,,,,,,,
FAC00149,,,,,,,,,
FAC00150,,,,,,,,,
FAC00151,,,,,,,,,
FAC00152,,,,,,,,,
FAC00153,,,,,,,,,
FAC00154,,,,,,,,,
FAC00155,,,,,,,,,
FAC00156,,,,,,,,,
FAC00157,,,,,,,,,
FAC00158,,,,,,,,,
FAC00159,,,,,,,,,
FAC00160,,,,,,,,,
FAC00161,,,,,,,,,
FAC00162,,,,,,,,,
FAC00163,,,,,,,,,
FAC00164,,,,,,,,,
FAC00165,,,,,,,,,
FAC00166,,,,,,,,,
FAC00167,,,,,,,,,
FAC00168,,,,,,,,,
FAC00169,,,,,,,,,
FAC00170,,,,,,,,,
FAC00171,,,,,,,,,
FAC00172,,,,,,,,,
FAC00173,,,,,,,,,
FAC00174,,,,,,,,,
FAC00175,,,,,,,,,
FAC00176,,,,,,,,,
FAC00177,,,,,,,,,
FAC00178,,,,,,,,,
FAC00179,,,,,,,,,
FAC00180,,,,,,,,,
FAC00181,,,,,,,,,
FAC00182,,,,,,,,,
FAC00183,,,,,,,,,
FAC00184,,,,,,,,,
FAC00185,,,,,,,,,
FAC00186,,,,,,,,,
FAC00187,,,,,,,,,
FAC00188,,,,,,,,,
FAC00189,,,,,,,,,
FAC00190,,,,,,,,,
FAC00191,,,,,,,,,
FAC00192,,,,,,,,,
FAC00193,,,,,,,,,
FAC00194,,,,,,,,,
FAC00195,,,,,,,,,
FAC00196,,,,,,,,,
FAC00197,,,,,,,,,
FAC00198,,,,,,,,,
FAC00199,,,,,,,,,
FAC00200,,,,,,,,,
FAC00201,,,,,,,,,
FAC00202,,,,,,,,,
FAC00203,,,,,,,,,
FAC00204,,,,,,,,,
FAC00205,,,,,,,,,
FAC00206,,,,,,,,,
FAC00207,,,,,,,,,
FAC00208,,,,,,,,,
FAC00209,,,,,,,,,
FAC00210,,,,,,,,,
FAC00211,,,,,,,,,
FAC00212,,,,,,,,,
FAC00213,,,,,,,,,
FAC00214,,,,,,,,,
FAC00215,,,,,,,,,
FAC00216,,,,,,,,,
FAC00217,,,,,,,,,
FAC00218,,,,,,,,,
FAC00219,,,,,,,,,
FAC00220,,,,,,,,,
FAC00221,,,,,,,,,
FAC00222,,,,,,,,,
FAC00223,,,,,,,,,
FAC00224,,,,,,,,,
FAC00225,,,,,,,,,
FAC00226,,,,,,,,,
FAC00227,,,,,,,,,
FAC00228,,,,,,,,,
FAC00229,,,,,,,,,
FAC00230,,,,,,,,,
FAC00231,,,,,,,,,
FAC00232,,,,,,,,,
FAC00233,,,,,,,,,
FAC00234,,,,,,,,,
FAC00235,,,,,,,,,
FAC00236,,,,,,,,,
FAC00237,,,,,,,,,
FAC00238,,,,,,,,,
FAC00239,,,,,,,,,
FAC00240,,,,,,,,,
FAC00241,,,,,,,,,
FAC00242,,,,,,,,,
FAC00243,,,,,,,,,
FAC00244,,,,,,,,,
FAC00245,,,,,,,,,
FAC00246,,,,,,,,,
FAC00247,,,,,,,,,
FAC00248,,,,,,,,,
FAC00249,,,,,,,,,
FAC00250,,,,,,,,,
FAC00251,,,,,,,,,
FAC00252,,,,,,,,,
FAC00253,,,,,,,,,
FAC00254,,,,,,,,,
FAC00255,,,,,,,,,
FAC00256,,,,,,,,,
FAC00257,,,,,,,,,
FAC00258,,,,,,,,,
FAC00259,,,,,,,,,
FAC00260,,,,,,,,,
FAC00261,,,,,,,,,
FAC00262,,,,,,,,,
FAC00263,,,,,,,,,
FAC00264,,,,,,,,,
FAC00265,,,,,,,,,
FAC00266,,,,,,,,,
FAC00267,,,,,,,,,
FAC00268,,,,,,,,,
FAC00269,,,,,,,,,
FAC00270,,,,,,,,,
FAC00271,,,,,,,,,
FAC00272,,,,,,,,,
FAC00273,,,,,,,,,
FAC00274,,,,,,,,,
FAC00275,,,,,,,,,
FAC00276,,,,,,,,,
FAC00277,,,,,,,,,
FAC00278,,,,,,,,,
FAC00279,,,,,,,,,
FAC00280,,,,,,,,,
FAC00281,,,,,,,,,
FAC00282,,,,,,,,,
FAC00283,,,,,,,,,
FAC00284,,,,,,,,,
FAC00285,,,,,,,,,
FAC00286,,,,,,,,,
FAC00287,,,,,,,,,
FAC00288,,,,,,,,,
FAC00289,,,,,,,,,
FAC00290,,,,,,,,,
FAC00291,,,,,,,,,
FAC00292,,,,,,,,,
FAC00293,,,,,,,,,
FAC00294,,,,,,,,,
FAC00295,,,,,,,,,
FAC00296,,,,,,,,,
FAC00297,,,,,,,,,
FAC00298,,,,,,,,,
FAC00299,,,,,,,,,
FAC00300,,,,,,,,,
FAC00301,,,,,,,,,
FAC00302,,,,,,,,,
FAC00303,,,,,,,,,
FAC00304,,,,,,,,,
FAC00305,,,,,,,,,
FAC00306,,,,,,,,,
FAC00307,,,,,,,,,
FAC00308,,,,,,,,,
FAC00309,,,,,,,,,
FAC00310,,,,,,,,,
FAC00311,,,,,,,,,
FAC00312,,,,,,,,,
FAC00313,,,,,,,,,
FAC00314,,,,,,,,,
FAC00315,,,,,,,,,
FAC00316,,,,,,,,,
FAC00317,,,,,,,,,
FAC00318,,,,,,,,,
FAC00319,,,,,,,,,
FAC00320,,,,,,,,,
FAC00321,,,,,,,,,
FAC00322,,,,,,,,,
FAC00323,,,,,,,,,
FAC00324,,,,,,,,,
FAC00325,,,,,,,,,
FAC00326,,,,,,,,,
FAC00327,,,,,,,,,
FAC00328,,,,,,,,,
FAC00329,,,,,,,,,
FAC00330,,,,,,,,,
FAC00331,,,,,,,,,
FAC00332,,,,,,,,,
FAC00333,,,,,,,,,
FAC00334,,,,,,,,,
FAC00335,,,,,,,,,
FAC00336,,,,,,,,,
FAC00337,,,,,,,,,
FAC00338,,,,,,,,,
FAC00339,,,,,,,,,
FAC00340,,,,,,,,,
FAC00341,,,,,,,,,
FAC00342,,,,,,,,,
FAC00343,,,,,,,,,
FAC00344,,,,,,,,,
FAC00345,,,,,,,,,
FAC00346,,,,,,,,,
FAC00347,,,,,,,,,
FAC00348,,,,,,,,,
FAC00349,,,,,,,,,
FAC00350,,,,,,,,,
FAC00351,,,,,,,,,
FAC00352,,,,,,,,,
FAC00353,,,,,,,,,
FAC00354,,,,,,,,,
FAC00355,,,,,,,,,
FAC00356,,,,,,,,,
FAC00357,,,,,,,,,
FAC00358,,,,,,,,,
FAC00359,,,,,,,,,
FAC00360,,,,,,,,,
FAC00361,,,,,,,,,
FAC00362,,,,,,,,,
FAC00363,,,,,,,,,
FAC00364,,,,,,,,,
FAC00365,,,,,,,,,
FAC00366,,,,,,,,,
FAC00367,,,,,,,,,
FAC00368,,,,,,,,,
FAC00369,,,,,,,,,
FAC00370,,,,,,,,,
FAC00371,,,,,,,,,
FAC00372,,,,,,,,,
FAC00373,,,,,,,,,
FAC00374,,,,,,,,,
FAC00375,,,,,,,,,
FAC00376,,,,,,,,,
FAC00377,,,,,,,,,
FAC00378,,,,,,,,,
FAC00379,,,,,,,,,
FAC00380,,,,,,,,,
FAC00381,,,,,,,,,
FAC00382,,,,,,,,,
FAC00383,,,,,,,,,
FAC00384,,,,,,,,,
FAC00385,,,,,,,,,
FAC00386,,,,,,,,,
FAC00387,,,,,,,,,
FAC00388,,,,,,,,,
FAC00389,,,,,,,,,
FAC00390,,,,,,,,,
FAC00391,,,,,,,,,
FAC00392,,,,,,,,,
FAC00393,,,,,,,,,
FAC00394,,,,,,,,,
FAC00395,,,,,,,,,
FAC00396,,,,,,,,,
FAC00397,,,,,,,,,
FAC00398,,,,,,,,,
FAC00399,,,,,,,,,
FAC00400,,,,,,,,,
FAC00401,,,,,,,,,
FAC00402,,,,,,,,,
FAC00403,,,,,,,,,
FAC00404,,,,,,,,,
FAC00405,,,,,,,,,
FAC00406,,,,,,,,,
FAC00407,,,,,,,,,
FAC00408,,,,,,,,,
FAC00409,,,,,,,,,
FAC00410,,,,,,,,,
FAC00411,,,,,,,,,
FAC00412,,,,,,,,,
FAC00413,,,,,,,,,
FAC00414,,,,,,,,,
FAC00415,,,,,,,,,
FAC00416,,,,,,,,,
FAC00417,,,,,,,,,
FAC00418,,,,,,,,,
FAC00419,,,,,,,,,
FAC00420,,,,,,,,,
FAC00421,,,,,,,,,
FAC00422,,,,,,,,,
FAC00423,,,,,,,,,
FAC00424,,,,,,,,,
FAC00425,,,,,,,,,
FAC00426,,,,,,,,,
FAC00427,,,,,,,,,
FAC00428,,,,,,,,,
FAC00429,,,,,,,,,
FAC00430,,,,,,,,,
FAC00431,,,,,,,,,
FAC00432,,,,,,,,,
FAC00433,,,,,,,,,
FAC00434,,,,,,,,,
FAC00435,,,,,,,,,
FAC00436,,,,,,,,,
FAC00437,,,,,,,,,
FAC00438,,,,,,,,,
FAC00439,,,,,,,,,
FAC00440,,,,,,,,,
FAC00441,,,,,,,,,
FAC00442,,,,,,,,,
FAC00443,,,,,,,,,
FAC00444,,,,,,,,,
FAC00445,,,,,,,,,
FAC00446,,,,,,,,,
FAC00447,,,,,,,,,
FAC00448,,,,,,,,,
FAC00449,,,,,,,,,
FAC00450,,,,,,,,,
FAC00451,,,,,,,,,
FAC00452,,,,,,,,,
FAC00453,,,,,,,,,
FAC00454,,,,,,,,,
FAC00455,,,,,,,,,
FAC00456,,,,,,,,,
FAC00457,,,,,,,,,
FAC00458,,,,,,,,,
FAC00459,,,,,,,,,
FAC00460,,,,,,,,,
FAC00461,,,,,,,,,
FAC00462,,,,,,,,,
FAC00463,,,,,,,,,
FAC00464,,,,,,,,,
FAC00465,,,,,,,,,
FAC00466,,,,,,,,,
FAC00467,,,,,,,,,
FAC00468,,,,,,,,,
FAC00469,,,,,,,,,
FAC00470,,,,,,,,,
FAC00471,,,,,,,,,
FAC00472,,,,,,,,,
FAC00473,,,,,,,,,
FAC00474,,,,,,,,,
FAC00475,,,,,,,,,
FAC00476,,,,,,,,,
FAC00477,,,,,,,,,
FAC00478,,,,,,,,,
FAC00479,,,,,,,,,
FAC00480,,,,,,,,,
FAC00481,,,,,,,,,
FAC00482,,,,,,,,,
FAC00483,,,,,,,,,
FAC00484,,,,,,,,,
FAC00485,,,,,,,,,
FAC00486,,,,,,,,,
FAC00487,,,,,,,,,
FAC00488,,,,,,,,,
FAC00489,,,,,,,,,
FAC00490,,,,,,,,,
FAC00491,,,,,,,,,
FAC00492,,,,,,,,,
FAC00493,,,,,,,,,
FAC00494,,,,,,,,,
FAC00495,,,,,,,,,
FAC00496,,,,,,,,,
FAC00497,,,,,,,,,
FAC00498,,,,,,,,,
FAC00499,,,,,,,,,
FAC00500,,,,,,,,,
FAC00501,,,,,,,,,
FAC00502,,,,,,,,,
FAC00503,,,,,,,,,
FAC00504,,,,,,,,,
FAC00505,,,,,,,,,
FAC00506,,,,,,,,,
FAC00507,,,,,,,,,
FAC00508,,,,,,,,,
FAC00509,,,,,,,,,
FAC00510,,,,,,,,,
FAC00511,,,,,,,,,
FAC00512,,,,,,,,,
FAC00513,,,,,,,,,
FAC00514,,,,,,,,,
FAC00515,,,,,,,,,
FAC00516,,,,,,,,,
FAC00517,,,,,,,,,
FAC00518,,,,,,,,,
FAC00519,,,,,,,,,
FAC00520,,,,,,,,,
FAC00521,,,,,,,,,
FAC00522,,,,,,,,,
FAC00523,,,,,,,,,
FAC00524,,,,,,,,,
FAC00525,,,,,,,,,
FAC00526,,,,,,,,,
FAC00527,,,,,,,,,
FAC00528,,,,,,,,,
FAC00529,,,,,,,,,
FAC00530,,,,,,,,,
FAC00531,,,,,,,,,
FAC00532,,,,,,,,,
FAC00533,,,,,,,,,
FAC00534,,,,,,,,,
FAC00535,,,,,,,,,
FAC00536,,,,,,,,,
FAC00537,,,,,,,,,
FAC00538,,,,,,,,,
FAC00539,,,,,,,,,
FAC00540,,,,,,,,,
FAC00541,,,,,,,,,
FAC00542,,,,,,,,,
FAC00543,,,,,,,,,
FAC00544,,,,,,,,,
FAC00545,,,,,,,,,
FAC00546,,,,,,,,,
FAC00547,,,,,,,,,
FAC00548,,,,,,,,,
FAC00549,,,,,,,,,
FAC00550,,,,,,,,,
FAC00551,,,,,,,,,
FAC00552,,,,,,,,,
FAC00553,,,,,,,,,
FAC00554,,,,,,,,,
FAC00555,,,,,,,,,
FAC00556,,,,,,,,,
FAC00557,,,,,,,,,
FAC00558,,,,,,,,,
FAC00559,,,,,,,,,
FAC00560,,,,,,,,,
FAC00561,,,,,,,,,
FAC00562,,,,,,,,,
FAC00563,,,,,,,,,
FAC00564,,,,,,,,,
FAC00565,,,,,,,,,
FAC00566,,,,,,,,,
FAC00567,,,,,,,,,
FAC00568,,,,,,,,,
FAC00569,,,,,,,,,
FAC00570,,,,,,,,,
FAC00571,,,,,,,,,
FAC00572,,,,,,,,,
FAC00573,,,,,,,,,
FAC00574,,,,,,,,,
FAC00575,,,,,,,,,
FAC00576,,,,,,,,,
FAC00577,,,,,,,,,
FAC00578,,,,,,,,,
FAC00579,,,,,,,,,
FAC00580,,,,,,,,,
FAC00581,,,,,,,,,
FAC00582,,,,,,,,,
FAC00583,,,,,,,,,
FAC00584,,,,,,,,,
FAC00585,,,,,,,,,
FAC00586,,,,,,,,,
FAC00587,,,,,,,,,
FAC00588,,,,,,,,,
FAC00589,,,,,,,,,
FAC00590,,,,,,,,,
FAC00591,,,,,,,,,
FAC00592,,,,,,,,,
FAC00593,,,,,,,,,
FAC00594,,,,,,,,,
FAC00595,,,,,,,,,
FAC00596,,,,,,,,,
FAC00597,,,,,,,,,
FAC00598,,,,,,,,,
FAC00599,,,,,,,,,
FAC00600,,,,,,,,,
FAC00601,,,,,,,,,
FAC00602,,,,,,,,,
FAC00603,,,,,,,,,
FAC00604,,,,,,,,,
FAC00605,,,,,,,,,
FAC00606,,,,,,,,,
FAC00607,,,,,,,,,
FAC00608,,,,,,,,,
FAC00609,,,,,,,,,
FAC00610,,,,,,,,,
FAC00611,,,,,,,,,
FAC00612,,,,,,,,,
FAC00613,,,,,,,,,
FAC00614,,,,,,,,,
FAC00615,,,,,,,,,
FAC00616,,,,,,,,,
FAC00617,,,,,,,,,
FAC00618,,,,,,,,,
FAC00619,,,,,,,,,
FAC00620,,,,,,,,,
FAC00621,,,,,,,,,
FAC00622,,,,,,,,,
FAC00623,,,,,,,,,
FAC00624,,,,,,,,,
FAC00625,,,,,,,,,
FAC00626,,,,,,,,,
FAC00627,,,,,,,,,
FAC00628,,,,,,,,,
FAC00629,,,,,,,,,
FAC00630,,,,,,,,,
FAC00631,,,,,,,,,
FAC00632,,,,,,,,,
FAC00633,,,,,,,,,
FAC00634,,,,,,,,,
FAC00635,,,,,,,,,
FAC00636,,,,,,,,,
FAC00637,,,,,,,,,
FAC00638,,,,,,,,,
FAC00639,,,,,,,,,
FAC00640,,,,,,,,,
FAC00641,,,,,,,,,
FAC00642,,,,,,,,,
FAC00643,,,,,,,,,
FAC00644,,,,,,,,,
FAC00645,,,,,,,,,
FAC00646,,,,,,,,,
FAC00647,,,,,,,,,
FAC00648,,,,,,,,,
FAC00649,,,,,,,,,
FAC00650,,,,,,,,,
FAC00651,,,,,,,,,
FAC00652,,,,,,,,,
FAC00653,,,,,,,,,
FAC00654,,,,,,,,,
FAC00655,,,,,,,,,
FAC00656,,,,,,,,,
FAC00657,,,,,,,,,
FAC00658,,,,,,,,,
FAC00659,,,,,,,,,
FAC00660,,,,,,,,,
FAC00661,,,,,,,,,
FAC00662,,,,,,,,,
FAC00663,,,,,,,,,
FAC00664,,,,,,,,,
FAC00665,,,,,,,,,
FAC00666,,,,,,,,,
FAC00667,,,,,,,,,
FAC00668,,,,,,,,,
FAC00669,,,,,,,,,
FAC00670,,,,,,,,,
FAC00671,,,,,,,,,
FAC00672,,,,,,,,,
FAC00673,,,,,,,,,
FAC00674,,,,,,,,,
FAC00675,,,,,,,,,
FAC00676,,,,,,,,,
FAC00677,,,,,,,,,
FAC00678,,,,,,,,,
FAC00679,,,,,,,,,
FAC00680,,,,,,,,,
FAC00681,,,,,,,,,
FAC00682,,,,,,,,,
FAC00683,,,,,,,,,
FAC00684,,,,,,,,,
FAC00685,,,,,,,,,
FAC00686,,,,,,,,,
FAC00687,,,,,,,,,
FAC00688,,,,,,,,,
FAC00689,,,,,,,,,
FAC00690,,,,,,,,,
FAC00691,,,,,,,,,
FAC00692,,,,,,,,,
FAC00693,,,,,,,,,
FAC00694,,,,,,,,,
FAC00695,,,,,,,,,
FAC00696,,,,,,,,,
FAC00697,,,,,,,,,
FAC00698,,,,,,,,,
FAC00699,,,,,,,,,
FAC00700,,,,,,,,,
FAC00701,,,,,,,,,
FAC00702,,,,,,,,,
FAC00703,,,,,,,,,
FAC00704,,,,,,,,,
FAC00705,,,,,,,,,
FAC00706,,,,,,,,,
FAC00707,,,,,,,,,
FAC00708,,,,,,,,,
FAC00709,,,,,,,,,
FAC00710,,,,,,,,,
FAC00711,,,,,,,,,
FAC00712,,,,,,,,,
FAC00713,,,,,,,,,
FAC00714,,,,,,,,,
FAC00715,,,,,,,,,
FAC00716,,,,,,,,,
FAC00717,,,,,,,,,
FAC00718,,,,,,,,,
FAC00719,,,,,,,,,
FAC00720,,,,,,,,,
FAC00721,,,,,,,,,
FAC00722,,,,,,,,,
FAC00723,,,,,,,,,
FAC00724,,,,,,,,,
FAC00725,,,,,,,,,
FAC00726,,,,,,,,,
FAC00727,,,,,,,,,
FAC00728,,,,,,,,,
FAC00729,,,,,,,,,
FAC00730,,,,,,,,,
FAC00731,,,,,,,,,
FAC00732,,,,,,,,,
FAC00733,,,,,,,,,
FAC00734,,,,,,,,,
FAC00735,,,,,,,,,
FAC00736,,,,,,,,,
FAC00737,,,,,,,,,
FAC00738,,,,,,,,,
FAC00739,,,,,,,,,
FAC00740,,,,,,,,,
FAC00741,,,,,,,,,
FAC00742,,,,,,,,,
FAC00743,,,,,,,,,
FAC00744,,,,,,,,,
FAC00745,,,,,,,,,
FAC00746,,,,,,,,,
FAC00747,,,,,,,,,
FAC00748,,,,,,,,,
FAC00749,,,,,,,,,
FAC00750,,,,,,,,,
FAC00751,,,,,,,,,
FAC00752,,,,,,,,,
FAC00753,,,,,,,,,
FAC00754,,,,,,,,,
FAC00755,,,,,,,,,
FAC00756,,,,,,,,,
FAC00757,,,,,,,,,
FAC00758,,,,,,,,,
FAC00759,,,,,,,,,
FAC00760,,,,,,,,,
FAC00761,,,,,,,,,
FAC00762,,,,,,,,,
FAC00763,,,,,,,,,
FAC00764,,,,,,,,,
FAC00765,,,,,,,,,
FAC00766,,,,,,,,,
FAC00767,,,,,,,,,
FAC00768,,,,,,,,,
FAC00769,,,,,,,,,
FAC00770,,,,,,,,,
FAC00771,,,,,,,,,
FAC00772,,,,,,,,,
FAC00773,,,,,,,,,
FAC00774,,,,,,,,,
FAC00775,,,,,,,,,
FAC00776,,,,,,,,,
FAC00777,,,,,,,,,
FAC00778,,,,,,,,,
FAC00779,,,,,,,,,
FAC00780,,,,,,,,,
FAC00781,,,,,,,,,
FAC00782,,,,,,,,,
FAC00783,,,,,,,,,
FAC00784,,,,,,,,,
FAC00785,,,,,,,,,
FAC00786,,,,,,,,,
FAC00787,,,,,,,,,
FAC00788,,,,,,,,,
FAC00789,,,,,,,,,
FAC00790,,,,,,,,,
FAC00791,,,,,,,,,
FAC00792,,,,,,,,,
FAC00793,,,,,,,,,
FAC00794,,,,,,,,,
FAC00795,,,,,,,,,
FAC00796,,,,,,,,,
FAC00797,,,,,,,,,
FAC00798,,,,,,,,,
FAC00799,,,,,,,,,
FAC00800,,,,,,,,,
FAC00801,,,,,,,,,
FAC00802,,,,,,,,,
FAC00803,,,,,,,,,
FAC00804,,,,,,,,,
FAC00805,,,,,,,,,
FAC00806,,,,,,,,,
FAC00807,,,,,,,,,
FAC00808,,,,,,,,,
FAC00809,,,,,,,,,
FAC00810,,,,,,,,,
FAC00811,,,,,,,,,
FAC00812,,,,,,,,,
FAC00813,,,,,,,,,
FAC00814,,,,,,,,,
FAC00815,,,,,,,,,
FAC00816,,,,,,,,,
FAC00817,,,,,,,,,
FAC00818,,,,,,,,,
FAC00819,,,,,,,,,
FAC00820,,,,,,,,,
FAC00821,,,,,,,,,
FAC00822,,,,,,,,,
FAC00823,,,,,,,,,
FAC00824,,,,,,,,,
FAC00825,,,,,,,,,
FAC00826,,,,,,,,,
FAC00827,,,,,,,,,
FAC00828,,,,,,,,,
FAC00829,,,,,,,,,
FAC00830,,,,,,,,,
FAC00831,,,,,,,,,
FAC00832,,,,,,,,,
FAC00833,,,,,,,,,
FAC00834,,,,,,,,,
FAC00835,,,,,,,,,
FAC00836,,,,,,,,,
FAC00837,,,,,,,,,
FAC00838,,,,,,,,,
FAC00839,,,,,,,,,
FAC00840,,,,,,,,,
FAC00841,,,,,,,,,
FAC00842,,,,,,,,,
FAC00843,,,,,,,,,
FAC00844,,,,,,,,,
FAC00845,,,,,,,,,
FAC00846,,,,,,,,,
FAC00847,,,,,,,,,
FAC00848,,,,,,,,,
FAC00849,,,,,,,,,
FAC00850,,,,,,,,,
FAC00851,,,,,,,,,
FAC00852,,,,,,,,,
FAC00853,,,,,,,,,
FAC00854,,,,,,,,,
FAC00855,,,,,,,,,
FAC00856,,,,,,,,,
FAC00857,,,,,,,,,
FAC00858,,,,,,,,,
FAC00859,,,,,,,,,
FAC00860,,,,,,,,,
FAC00861,,,,,,,,,
FAC00862,,,,,,,,,
FAC00863,,,,,,,,,
FAC00864,,,,,,,,,
FAC00865,,,,,,,,,
FAC00866,,,,,,,,,
FAC00867,,,,,,,,,
FAC00868,,,,,,,,,
FAC00869,,,,,,,,,
FAC00870,,,,,,,,,
FAC00871,,,,,,,,,
FAC00872,,,,,,,,,
FAC00873,,,,,,,,,
FAC00874,,,,,,,,,
FAC00875,,,,,,,,,
FAC00876,,,,,,,,,
FAC00877,,,,,,,,,
FAC00878,,,,,,,,,
FAC00879,,,,,,,,,
FAC00880,,,,,,,,,
FAC00881,,,,,,,,,
FAC00882,,,,,,,,,
FAC00883,,,,,,,,,
FAC00884,,,,,,,,,
FAC00885,,,,,,,,,
FAC00886,,,,,,,,,
FAC00887,,,,,,,,,
FAC00888,,,,,,,,,
FAC00889,,,,,,,,,
FAC00890,,,,,,,,,
FAC00891,,,,,,,,,
FAC00892,,,,,,,,,
FAC00893,,,,,,,,,
FAC00894,,,,,,,,,
FAC00895,,,,,,,,,
FAC00896,,,,,,,,,
FAC00897,,,,,,,,,
FAC00898,,,,,,,,,
FAC00899,,,,,,,,,
FAC00900,,,,,,,,,
FAC00901,,,,,,,,,
FAC00902,,,,,,,,,
FAC00903,,,,,,,,,
FAC00904,,,,,,,,,
FAC00905,,,,,,,,,
FAC00906,,,,,,,,,
FAC00907,,,,,,,,,
FAC00908,,,,,,,,,
FAC00909,,,,,,,,,
FAC00910,,,,,,,,,
FAC00911,,,,,,,,,
FAC00912,,,,,,,,,
FAC00913,,,,,,,,,
FAC00914,,,,,,,,,
FAC00915,,,,,,,,,
FAC00916,,,,,,,,,
FAC00917,,,,,,,,,
FAC00918,,,,,,,,,
FAC00919,,,,,,,,,
FAC00920,,,,,,,,,
FAC00921,,,,,,,,,
FAC00922,,,,,,,,,
FAC00923,,,,,,,,,
FAC00924,,,,,,,,,
FAC00925,,,,,,,,,
FAC00926,,,,,,,,,
FAC00927,,,,,,,,,
FAC00928,,,,,,,,,
FAC00929,,,,,,,,,
FAC00930,,,,,,,,,
FAC00931,,,,,,,,,
FAC00932,,,,,,,,,
FAC00933,,,,,,,,,
FAC00934,,,,,,,,,
FAC00935,,,,,,,,,
FAC00936,,,,,,,,,
FAC00937,,,,,,,,,
FAC00938,,,,,,,,,
FAC00939,,,,,,,,,
FAC00940,,,,,,,,,
FAC00941,,,,,,,,,
FAC00942,,,,,,,,,
FAC00943,,,,,,,,,
FAC00944,,,,,,,,,
FAC00945,,,,,,,,,
FAC00946,,,,,,,,,
FAC00947,,,,,,,,,
FAC00948,,,,,,,,,
FAC00949,,,,,,,,,
FAC00950,,,,,,,,,
FAC00951,,,,,,,,,
FAC00952,,,,,,,,,
FAC00953,,,,,,,,,
FAC00954,,,,,,,,,
FAC00955,,,,,,,,,
FAC00956,,,,,,,,,
FAC00957,,,,,,,,,
FAC00958,,,,,,,,,
FAC00959,,,,,,,,,
FAC00960,,,,,,,,,
FAC00961,,,,,,,,,
FAC00962,,,,,,,,,
FAC00963,,,,,,,,,
FAC00964,,,,,,,,,
FAC00965,,,,,,,,,
FAC00966,,,,,,,,,
FAC00967,,,,,,,,,
FAC00968,,,,,,,,,
FAC00969,,,,,,,,,
FAC00970,,,,,,,,,
FAC00971,,,,,,,,,
FAC00972,,,,,,,,,
FAC00973,,,,,,,,,
FAC00974,,,,,,,,,
FAC00975,,,,,,,,,
FAC00976,,,,,,,,,
FAC00977,,,,,,,,,
FAC00978,,,,,,,,,
FAC00979,,,,,,,,,
FAC00980,,,,,,,,,
FAC00981,,,,,,,,,
FAC00982,,,,,,,,,
FAC00983,,,,,,,,,
FAC00984,,,,,,,,,
FAC00985,,,,,,,,,
FAC00986,,,,,,,,,
FAC00987,,,,,,,,,
FAC00988,,,,,,,,,
FAC00989,,,,,,,,,
FAC00990,,,,,,,,,
FAC00991,,,,,,,,,
FAC00992,,,,,,,,,
FAC00993,,,,,,,,,
FAC00994,,,,,,,,,
FAC00995,,,,,,,,,
FAC00996,,,,,,,,,
FAC00997,,,,,,,,,
FAC00998,,,,,,,,,
FAC00999,,,,,,,,,
FAC01000,,,,,,,,,
FAC01001,,,,,,,,,
FAC01002,,,,,,,,,
FAC01003,,,,,,,,,
FAC01004,,,,,,,,,
FAC01005,,,,,,,,,
FAC01006,,,,,,,,,
FAC01007,,,,,,,,,
FAC01008,,,,,,,,,
FAC01009,,,,,,,,,
FAC01010,,,,,,,,,
FAC01011,,,,,,,,,
FAC01012,,,,,,,,,
FAC01013,,,,,,,,,
FAC01014,,,,,,,,,
FAC01015,,,,,,,,,
FAC01016,,,,,,,,,
FAC01017,,,,,,,,,
FAC01018,,,,,,,,,
FAC01019,,,,,,,,,
FAC01020,,,,,,,,,
FAC01021,,,,,,,,,
FAC01022,,,,,,,,,
FAC01023,,,,,,,,,
FAC01024,,,,,,,,,
FAC01025,,,,,,,,,
FAC01026,,,,,,,,,
FAC01027,,,,,,,,,
FAC01028,,,,,,,,,
FAC01029,,,,,,,,,
FAC01030,,,,,,,,,
FAC01031,,,,,,,,,
FAC01032,,,,,,,,,
FAC01033,,,,,,,,,
FAC01034,,,,,,,,,
FAC01035,,,,,,,,,
FAC01036,,,,,,,,,
FAC01037,,,,,,,,,
FAC01038,,,,,,,,,
FAC01039,,,,,,,,,
FAC01040,,,,,,,,,
FAC01041,,,,,,,,,
FAC01042,,,,,,,,,
FAC01043,,,,,,,,,
FAC01044,,,,,,,,,
FAC01045,,,,,,,,,
FAC01046,,,,,,,,,
FAC01047,,,,,,,,,
FAC01048,,,,,,,,,
FAC01049,,,,,,,,,
FAC01050,,,,,,,,,
FAC01051,,,,,,,,,
FAC01052,,,,,,,,,
FAC01053,,,,,,,,,
FAC01054,,,,,,,,,
FAC01055,,,,,,,,,
FAC01056,,,,,,,,,
FAC01057,,,,,,,,,
FAC01058,,,,,,,,,
FAC01059,,,,,,,,,
FAC01060,,,,,,,,,
FAC01061,,,,,,,,,
FAC01062,,,,,,,,,
FAC01063,,,,,,,,,
FAC01064,,,,,,,,,
FAC01065,,,,,,,,,
FAC01066,,,,,,,,,
FAC01067,,,,,,,,,
FAC01068,,,,,,,,,
FAC01069,,,,,,,,,
FAC01070,,,,,,,,,
FAC01071,,,,,,,,,
FAC01072,,,,,,,,,
FAC01073,,,,,,,,,
FAC01074,,,,,,,,,
FAC01075,,,,,,,,,
FAC01076,,,,,,,,,
FAC01077,,,,,,,,,
FAC01078,,,,,,,,,
FAC01079,,,,,,,,,
FAC01080,,,,,,,,,
FAC01081,,,,,,,,,
FAC01082,,,,,,,,,
FAC01083,,,,,,,,,
FAC01084,,,,,,,,,
FAC01085,,,,,,,,,
FAC01086,,,,,,,,,
FAC01087,,,,,,,,,
FAC01088,,,,,,,,,
FAC01089,,,,,,,,,
FAC01090,,,,,,,,,
FAC01091,,,,,,,,,
FAC01092,,,,,,,,,
FAC01093,,,,,,,,,
FAC01094,,,,,,,,,
FAC01095,,,,,,,,,
FAC01096,,,,,,,,,
FAC01097,,,,,,,,,
FAC01098,,,,,,,,,
FAC01099,,,,,,,,,
FAC01100,,,,,,,,,
FAC01101,,,,,,,,,
FAC01102,,,,,,,,,
FAC01103,,,,,,,,,
FAC01104,,,,,,,,,
FAC01105,,,,,,,,,
FAC01106,,,,,,,,,
FAC01107,,,,,,,,,
FAC01108,,,,,,,,,
FAC01109,,,,,,,,,
FAC01110,,,,,,,,,
FAC01111,,,,,,,,,
FAC01112,,,,,,,,,
FAC01113,,,,,,,,,
FAC01114,,,,,,,,,
FAC01115,,,,,,,,,
FAC01116,,,,,,,,,
FAC01117,,,,,,,,,
FAC01118,,,,,,,,,
FAC01119,,,,,,,,,
FAC01120,,,,,,,,,
FAC01121,,,,,,,,,
FAC01122,,,,,,,,,
FAC01123,,,,,,,,,
FAC01124,,,,,,,,,
FAC01125,,,,,,,,,
FAC01126,,,,,,,,,
FAC01127,,,,,,,,,
FAC01128,,,,,,,,,
FAC01129,,,,,,,,,
FAC01130,,,,,,,,,
FAC01131,,,,,,,,,
FAC01132,,,,,,,,,
FAC01133,,,,,,,,,
FAC01134,,,,,,,,,
FAC01135,,,,,,,,,
FAC01136,,,,,,,,,
FAC01137,,,,,,,,,
FAC01138,,,,,,,,,
FAC01139,,,,,,,,,
FAC01140,,,,,,,,,
FAC01141,,,,,,,,,
FAC01142,,,,,,,,,
FAC01143,,,,,,,,,
FAC01144,,,,,,,,,
FAC01145,,,,,,,,,
FAC01146,,,,,,,,,
FAC01147,,,,,,,,,
FAC01148,,,,,,,,,
FAC01149,,,,,,,,,
FAC01150,,,,,,,,,
FAC01151,,,,,,,,,
FAC01152,,,,,,,,,
FAC01153,,,,,,,,,
FAC01154,,,,,,,,,
FAC01155,,,,,,,,,
FAC01156,,,,,,,,,
FAC01157,,,,,,,,,
FAC01158,,,,,,,,,
FAC01159,,,,,,,,,
FAC01160,,,,,,,,,
FAC01161,,,,,,,,,
FAC01162,,,,,,,,,
FAC01163,,,,,,,,,
FAC01164,,,,,,,,,
FAC01165,,,,,,,,,
FAC01166,,,,,,,,,
FAC01167,,,,,,,,,
FAC01168,,,,,,,,,
FAC01169,,,,,,,,,
FAC01170,,,,,,,,,
FAC01171,,,,,,,,,
FAC01172,,,,,,,,,
FAC01173,,,,,,,,,
FAC01174,,,,,,,,,
FAC01175,,,,,,,,,
FAC01176,,,,,,,,,
FAC01177,,,,,,,,,
FAC01178,,,,,,,,,
FAC01179,,,,,,,,,
FAC01180,,,,,,,,,
FAC01181,,,,,,,,,
FAC01182,,,,,,,,,
FAC01183,,,,,,,,,
FAC01184,,,,,,,,,
FAC01185,,,,,,,,,
FAC01186,,,,,,,,,
FAC01187,,,,,,,,,
FAC01188,,,,,,,,,
FAC01189,,,,,,,,,
FAC01190,,,,,,,,,
FAC01191,,,,,,,,,
FAC01192,,,,,,,,,
FAC01193,,,,,,,,,
FAC01194,,,,,,,,,
FAC01195,,,,,,,,,
FAC01196,,,,,,,,,
FAC01197,,,,,,,,,
FAC01198,,,,,,,,,
FAC01199,,,,,,,,,
FAC01200,,,,,,,,,
FAC01201,,,,,,,,,
FAC01202,,,,,,,,,
FAC01203,,,,,,,,,
FAC01204,,,,,,,,,
FAC01205,,,,,,,,,
FAC01206,,,,,,,,,
FAC01207,,,,,,,,,
FAC01208,,,,,,,,,
FAC01209,,,,,,,,,
FAC01210,,,,,,,,,
FAC01211,,,,,,,,,
FAC01212,,,,,,,,,
FAC01213,,,,,,,,,
FAC01214,,,,,,,,,
FAC01215,,,,,,,,,
FAC01216,,,,,,,,,
FAC01217,,,,,,,,,
FAC01218,,,,,,,,,
FAC01219,,,,,,,,,
FAC01220,,,,,,,,,
FAC01221,,,,,,,,,
FAC01222,,,,,,,,,
FAC01223,,,,,,,,,
FAC01224,,,,,,,,,
FAC01225,,,,,,,,,
FAC01226,,,,,,,,,
FAC01227,,,,,,,,,
FAC01228,,,,,,,,,
FAC01229,,,,,,,,,
FAC01230,,,,,,,,,
FAC01231,,,,,,,,,
FAC01232,,,,,,,,,
FAC01233,,,,,,,,,
FAC01234,,,,,,,,,
FAC01235,,,,,,,,,
FAC01236,,,,,,,,,
FAC01237,,,,,,,,,
FAC01238,,,,,,,,,
FAC01239,,,,,,,,,
FAC01240,,,,,,,,,
FAC01241,,,,,,,,,
FAC01242,,,,,,,,,
FAC01243,,,,,,,,,
FAC01244,,,,,,,,,
FAC01245,,,,,,,,,
FAC01246,,,,,,,,,
FAC01247,,,,,,,,,
FAC01248,,,,,,,,,
FAC01249,,,,,,,,,
FAC01250,,,,,,,,,
FAC01251,,,,,,,,,
FAC01252,,,,,,,,,
FAC01253,,,,,,,,,
FAC01254,,,,,,,,,
FAC01255,,,,,,,,,
FAC01256,,,,,,,,,
FAC01257,,,,,,,,,
FAC01258,,,,,,,,,
FAC01259,,,,,,,,,
FAC01260,,,,,,,,,
FAC01261,,,,,,,,,
FAC01262,,,,,,,,,
FAC01263,,,,,,,,,
FAC01264,,,,,,,,,
FAC01265,,,,,,,,,
FAC01266,,,,,,,,,
FAC01267,,,,,,,,,
FAC01268,,,,,,,,,
FAC01269,,,,,,,,,
FAC01270,,,,,,,,,
FAC01271,,,,,,,,,
FAC01272,,,,,,,,,
FAC01273,,,,,,,,,
FAC01274,,,,,,,,,
FAC01275,,,,,,,,,
FAC01276,,,,,,,,,
FAC01277,,,,,,,,,
FAC01278,,,,,,,,,
FAC01279,,,,,,,,,
FAC01280,,,,,,,,,
FAC01281,,,,,,,,,
FAC01282,,,,,,,,,
FAC01283,,,,,,,,,
FAC01284,,,,,,,,,
FAC01285,,,,,,,,,
FAC01286,,,,,,,,,
FAC01287,,,,,,,,,
FAC01288,,,,,,,,,
FAC01289,,,,,,,,,
FAC01290,,,,,,,,,
FAC01291,,,,,,,,,
FAC01292,,,,,,,,,
FAC01293,,,,,,,,,
FAC01294,,,,,,,,,
FAC01295,,,,,,,,,
FAC01296,,,,,,,,,
FAC01297,,,,,,,,,
FAC01298,,,,,,,,,
FAC01299,,,,,,,,,
FAC01300,,,,,,,,,
FAC01301,,,,,,,,,
FAC01302,,,,,,,,,
FAC01303,,,,,,,,,
FAC01304,,,,,,,,,
FAC01305,,,,,,,,,
FAC01306,,,,,,,,,
FAC01307,,,,,,,,,
FAC01308,,,,,,,,,
FAC01309,,,,,,,,,
FAC01310,,,,,,,,,
FAC01311,,,,,,,,,
FAC01312,,,,,,,,,
FAC01313,,,,,,,,,
FAC01314,,,,,,,,,
FAC01315,,,,,,,,,
FAC01316,,,,,,,,,
FAC01317,,,,,,,,,
FAC01318,,,,,,,,,
FAC01319,,,,,,,,,
FAC01320,,,,,,,,,
FAC01321,,,,,,,,,
FAC01322,,,,,,,,,
FAC01323,,,,,,,,,
FAC01324,,,,,,,,,
FAC01325,,,,,,,,,
FAC01326,,,,,,,,,
FAC01327,,,,,,,,,
FAC01328,,,,,,,,,
FAC01329,,,,,,,,,
FAC01330,,,,,,,,,
FAC01331,,,,,,,,,
FAC01332,,,,,,,,,
FAC01333,,,,,,,,,
FAC01334,,,,,,,,,
FAC01335,,,,,,,,,
FAC01336,,,,,,,,,
FAC01337,,,,,,,,,
FAC01338,,,,,,,,,
FAC01339,,,,,,,,,
FAC01340,,,,,,,,,
FAC01341,,,,,,,,,
FAC01342,,,,,,,,,
FAC01343,,,,,,,,,
FAC01344,,,,,,,,,
FAC01345,,,,,,,,,
FAC01346,,,,,,,,,
FAC01347,,,,,,,,,
FAC01348,,,,,,,,,
FAC01349,,,,,,,,,
FAC01350,,,,,,,,,
FAC01351,,,,,,,,,
FAC01352,,,,,,,,,
FAC01353,,,,,,,,,
FAC01354,,,,,,,,,
FAC01355,,,,,,,,,
FAC01356,,,,,,,,,
FAC01357,,,,,,,,,
FAC01358,,,,,,,,,
FAC01359,,,,,,,,,
FAC01360,,,,,,,,,
FAC01361,,,,,,,,,
FAC01362,,,,,,,,,
FAC01363,,,,,,,,,
FAC01364,,,,,,,,,
FAC01365,,,,,,,,,
FAC01366,,,,,,,,,
FAC01367,,,,,,,,,
FAC01368,,,,,,,,,
FAC01369,,,,,,,,,
FAC01370,,,,,,,,,
FAC01371,,,,,,,,,
FAC01372,,,,,,,,,
FAC01373,,,,,,,,,
FAC01374,,,,,,,,,
FAC01375,,,,,,,,,
FAC01376,,,,,,,,,
FAC01377,,,,,,,,,
FAC01378,,,,,,,,,
FAC01379,,,,,,,,,
FAC01380,,,,,,,,,
FAC01381,,,,,,,,,
FAC01382,,,,,,,,,
FAC01383,,,,,,,,,
FAC01384,,,,,,,,,
FAC01385,,,,,,,,,
FAC01386,,,,,,,,,
FAC01387,,,,,,,,,
FAC01388,,,,,,,,,
FAC01389,,,,,,,,,
FAC01390,,,,,,,,,
FAC01391,,,,,,,,,
FAC01392,,,,,,,,,
FAC01393,,,,,,,,,
FAC01394,,,,,,,,,
FAC01395,,,,,,,,,
FAC01396,,,,,,,,,
FAC01397,,,,,,,,,
FAC01398,,,,,,,,,
FAC01399,,,,,,,,,
FAC01400,,,,,,,,,
FAC01401,,,,,,,,,
FAC01402,,,,,,,,,
FAC01403,,,,,,,,,
FAC01404,,,,,,,,,
FAC01405,,,,,,,,,
FAC01406,,,,,,,,,
FAC01407,,,,,,,,,
FAC01408,,,,,,,,,
FAC01409,,,,,,,,,
FAC01410,,,,,,,,,
FAC01411,,,,,,,,,
FAC01412,,,,,,,,,
FAC01413,,,,,,,,,
FAC01414,,,,,,,,,
FAC01415,,,,,,,,,
FAC01416,,,,,,,,,
FAC01417,,,,,,,,,
FAC01418,,,,,,,,,
FAC01419,,,,,,,,,
FAC01420,,,,,,,,,
FAC01421,,,,,,,,,
FAC01422,,,,,,,,,
FAC01423,,,,,,,,,
FAC01424,,,,,,,,,
FAC01425,,,,,,,,,
FAC01426,,,,,,,,,
FAC01427,,,,,,,,,
FAC01428,,,,,,,,,
FAC01429,,,,,,,,,
FAC01430,,,,,,,,,
FAC01431,,,,,,,,,
FAC01432,,,,,,,,,
FAC01433,,,,,,,,,
FAC01434,,,,,,,,,
FAC01435,,,,,,,,,
FAC01436,,,,,,,,,
FAC01437,,,,,,,,,
FAC01438,,,,,,,,,
FAC01439,,,,,,,,,
FAC01440,,,,,,,,,
FAC01441,,,,,,,,,
FAC01442,,,,,,,,,
FAC01443,,,,,,,,,
FAC01444,,,,,,,,,
FAC01445,,,,,,,,,
FAC01446,,,,,,,,,
FAC01447,,,,,,,,,
FAC01448,,,,,,,,,
FAC01449,,,,,,,,,
FAC01450,,,,,,,,,
FAC01451,,,,,,,,,
FAC01452,,,,,,,,,
FAC01453,,,,,,,,,
FAC01454,,,,,,,,,
FAC01455,,,,,,,,,
FAC01456,,,,,,,,,
FAC01457,,,,,,,,,
FAC01458,,,,,,,,,
FAC01459,,,,,,,,,
FAC01460,,,,,,,,,
FAC01461,,,,,,,,,
FAC01462,,,,,,,,,
FAC01463,,,,,,,,,
FAC01464,,,,,,,,,
FAC01465,,,,,,,,,
FAC01466,,,,,,,,,
FAC01467,,,,,,,,,
FAC01468,,,,,,,,,
FAC01469,,,,,,,,,
FAC01470,,,,,,,,,
FAC01471,,,,,,,,,
FAC01472,,,,,,,,,
FAC01473,,,,,,,,,
FAC01474,,,,,,,,,
FAC01475,,,,,,,,,
FAC01476,,,,,,,,,
FAC01477,,,,,,,,,
FAC01478,,,,,,,,,
FAC01479,,,,,,,,,
FAC01480,,,,,,,,,
FAC01481,,,,,,,,,
FAC01482,,,,,,,,,
FAC01483,,,,,,,,,
FAC01484,,,,,,,,,
FAC01485,,,,,,,,,
FAC01486,,,,,,,,,
FAC01487,,,,,,,,,
FAC01488,,,,,,,,,
FAC01489,,,,,,,,,
FAC01490,,,,,,,,,
FAC01491,,,,,,,,,
FAC01492,,,,,,,,,
FAC01493,,,,,,,,,
FAC01494,,,,,,,,,
FAC01495,,,,,,,,,
FAC01496,,,,,,,,,
FAC01497,,,,,,,,,
FAC01498,,,,,,,,,
FAC01499,,,,,,,,,
FAC01500,,,,,,,,,
FAC01501,,,,,,,,,
FAC01502,,,,,,,,,
FAC01503,,,,,,,,,
FAC01504,,,,,,,,,
FAC01505,,,,,,,,,
FAC01506,,,,,,,,,
FAC01507,,,,,,,,,
FAC01508,,,,,,,,,
FAC01509,,,,,,,,,
FAC01510,,,,,,,,,
FAC01511,,,,,,,,,
FAC01512,,,,,,,,,
FAC01513,,,,,,,,,
FAC01514,,,,,,,,,
FAC01515,,,,,,,,,
FAC01516,,,,,,,,,
FAC01517,,,,,,,,,
FAC01518,,,,,,,,,
FAC01519,,,,,,,,,
FAC01520,,,,,,,,,
FAC01521,,,,,,,,,
FAC01522,,,,,,,,,
FAC01523,,,,,,,,,
FAC01524,,,,,,,,,
FAC01525,,,,,,,,,
FAC01526,,,,,,,,,
FAC01527,,,,,,,,,
FAC01528,,,,,,,,,
FAC01529,,,,,,,,,
FAC01530,,,,,,,,,
FAC01531,,,,,,,,,
FAC01532,,,,,,,,,
FAC01533,,,,,,,,,
FAC01534,,,,,,,,,
FAC01535,,,,,,,,,
FAC01536,,,,,,,,,
FAC01537,,,,,,,,,
FAC01538,,,,,,,,,
FAC01539,,,,,,,,,
FAC01540,,,,,,,,,
FAC01541,,,,,,,,,
FAC01542,,,,,,,,,
FAC01543,,,,,,,,,
FAC01544,,,,,,,,,
FAC01545,,,,,,,,,
FAC01546,,,,,,,,,
FAC01547,,,,,,,,,
FAC01548,,,,,,,,,
FAC01549,,,,,,,,,
FAC01550,,,,,,,,,
FAC01551,,,,,,,,,
FAC01552,,,,,,,,,
FAC01553,,,,,,,,,
FAC01554,,,,,,,,,
FAC01555,,,,,,,,,
FAC01556,,,,,,,,,
FAC01557,,,,,,,,,
FAC01558,,,,,,,,,
FAC01559,,,,,,,,,
FAC01560,,,,,,,,,
FAC01561,,,,,,,,,
FAC01562,,,,,,,,,
FAC01563,,,,,,,,,
FAC01564,,,,,,,,,
FAC01565,,,,,,,,,
FAC01566,,,,,,,,,
FAC01567,,,,,,,,,
FAC01568,,,,,,,,,
FAC01569,,,,,,,,,
FAC01570,,,,,,,,,
FAC01571,,,,,,,,,
FAC01572,,,,,,,,,
FAC01573,,,,,,,,,
FAC01574,,,,,,,,,
FAC01575,,,,,,,,,
FAC01576,,,,,,,,,
FAC01577,,,,,,,,,
FAC01578,,,,,,,,,
FAC01579,,,,,,,,,
FAC01580,,,,,,,,,
FAC01581,,,,,,,,,
FAC01582,,,,,,,,,
FAC01583,,,,,,,,,
FAC01584,,,,,,,,,
FAC01585,,,,,,,,,
FAC01586,,,,,,,,,
FAC01587,,,,,,,,,
FAC01588,,,,,,,,,
FAC01589,,,,,,,,,
FAC01590,,,,,,,,,
FAC01591,,,,,,,,,
FAC01592,,,,,,,,,
FAC01593,,,,,,,,,
FAC01594,,,,,,,,,
FAC01595,,,,,,,,,
FAC01596,,,,,,,,,
FAC01597,,,,,,,,,
FAC01598,,,,,,,,,
FAC01599,,,,,,,,,
FAC01600,,,,,,,,,
FAC01601,,,,,,,,,
FAC01602,,,,,,,,,
FAC01603,,,,,,,,,
FAC01604,,,,,,,,,
FAC01605,,,,,,,,,
FAC01606,,,,,,,,,
FAC01607,,,,,,,,,
FAC01608,,,,,,,,,
FAC01609,,,,,,,,,
FAC01610,,,,,,,,,
FAC01611,,,,,,,,,
FAC01612,,,,,,,,,
FAC01613,,,,,,,,,
FAC01614,,,,,,,,,
FAC01615,,,,,,,,,
FAC01616,,,,,,,,,
FAC01617,,,,,,,,,
FAC01618,,,,,,,,,
FAC01619,,,,,,,,,
FAC01620,,,,,,,,,
FAC01621,,,,,,,,,
FAC01622,,,,,,,,,
FAC01623,,,,,,,,,
FAC01624,,,,,,,,,
FAC01625,,,,,,,,,
FAC01626,,,,,,,,,
FAC01627,,,,,,,,,
FAC01628,,,,,,,,,
FAC01629,,,,,,,,,
FAC01630,,,,,,,,,
FAC01631,,,,,,,,,
FAC01632,,,,,,,,,
FAC01633,,,,,,,,,
FAC01634,,,,,,,,,
FAC01635,,,,,,,,,
FAC01636,,,,,,,,,
FAC01637,,,,,,,,,
FAC01638,,,,,,,,,
FAC01639,,,,,,,,,
FAC01640,,,,,,,,,
FAC01641,,,,,,,,,
FAC01642,,,,,,,,,
FAC01643,,,,,,,,,
FAC01644,,,,,,,,,
FAC01645,,,,,,,,,
FAC01646,,,,,,,,,
FAC01647,,,,,,,,,
FAC01648,,,,,,,,,
FAC01649,,,,,,,,,
FAC01650,Life Medical Center - Ruwais,Medical Center,Medium,Abu Dhabi,Al Dhafra,Ruwais,Private,DoH Abu Dhabi,Temporarily Closed
