Insurance_Plan_ID,Insurance_Provider,Plan_Type,Coverage_Type,Coverage_Percentage,Policy_Start_Date,Policy_End_Date,Plan_Status
INS00001,,,,,,,
INS00002,,,,,,,
INS00003,,,,,,,
INS00004,,,,,,,
INS00005,,,,,,,
INS00006,,,,,,,
INS00007,,,,,,,
INS00008,,,,,,,
INS00009,,,,,,,
INS00010,,,,,,,
INS00011,,,,,,,
INS00012,,,,,,,
INS00013,,,,,,,
INS00014,,,,,,,
INS00015,,,,,,,
INS00016,,,,,,,
INS00017,,,,,,,
INS00018,,,,,,,
INS00019,,,,,,,
INS00020,,,,,,,
INS00021,,,,,,,
INS00022,,,,,,,
INS00023,,,,,,,
INS00024,,,,,,,
INS00025,,,,,,,
INS00026,,,,,,,
INS00027,,,,,,,
INS00028,,,,,,,
INS00029,,,,,,,
INS00030,,,,,,,
INS00031,,,,,,,
INS00032,,,,,,,
INS00033,,,,,,,
INS00034,,,,,,,
INS00035,,,,,,,
INS00036,,,,,,,
INS00037,,,,,,,
INS00038,,,,,,,
INS00039,,,,,,,
INS00040,,,,,,,
INS00041,,,,,,,
INS00042,,,,,,,
INS00043,,,,,,,
INS00044,,,,,,,
INS00045,,,,,,,
INS00046,,,,,,,
INS00047,,,,,,,
INS00048,,,,,,,
INS00049,,,,,,,
INS00050,,,,,,,
INS00051,,,,,,,
INS00052,,,,,,,
INS00053,,,,,,,
INS00054,,,,,,,
INS00055,,,,,,,
INS00056,,,,,,,
INS00057,,,,,,,
INS00058,,,,,,,
INS00059,,,,,,,
INS00060,,,,,,,
INS00061,,,,,,,
INS00062,,,,,,,
INS00063,,,,,,,
INS00064,,,,,,,
INS00065,,,,,,,
INS00066,,,,,,,
INS00067,,,,,,,
INS00068,,,,,,,
INS00069,,,,,,,
INS00070,,,,,,,
INS00071,,,,,,,
INS00072,,,,,,,
INS00073,,,,,,,
INS00074,,,,,,,
INS00075,,,,,,,
INS00076,,,,,,,
INS00077,,,,,,,
INS00078,,,,,,,
INS00079,,,,,,,
INS00080,,,,,,,
INS00081,,,,,,,
INS00082,,,,,,,
INS00083,,,,,,,
INS00084,,,,,,,
INS00085,,,,,,,
INS00086,,,,,,,
INS00087,,,,,,,
INS00088,,,,,,,
INS00089,,,,,,,
INS00090,,,,,,,
INS00091,,,,,,,
INS00092,,,,,,,
INS00093,,,,,,,
INS00094,,,,,,,
INS00095,,,,,,,
INS00096,,,,,,,
INS00097,,,,,,,
INS00098,,,,,,,
INS00099,,,,,,,
INS00100,,,,,,,
INS00101,,,,,,,
INS00102,,,,,,,
INS00103,,,,,,,
INS00104,,,,,,,
INS00105,,,,,,,
INS00106,,,,,,,
INS00107,,,,,,,
INS00108,,,,,,,
INS00109,,,,,,,
INS00110,,,,,,,
INS00111,,,,,,,
INS00112,,,,,,,
INS00113,,,,,,,
INS00114,,,,,,,
INS00115,,,,,,,
INS00116,,,,,,,
INS00117,,,,,,,
INS00118,,,,,,,
INS00119,,,,,,,
INS00120,,,,,,,
INS00121,,,,,,,
INS00122,,,,,,,
INS00123,,,,,,,
INS00124,,,,,,,
INS00125,,,,,,,
INS00126,,,,,,,
INS00127,,,,,,,
INS00128,,,,,,,
INS00129,,,,,,,
INS00130,,,,,,,
INS00131,,,,,,,
INS00132,,,,,,,
INS00133,,,,,,,
INS00134,,,,,,,
INS00135,,,,,,,
INS00136,,,,,,,
INS00137,,,,,,,
INS00138,,,,,,,
INS00139,,,,,,,
INS00140,,,,,,,
INS00141,,,,,,,
INS00142,,,,,,,
INS00143,,,,,,,
INS00144,,,,,,,
INS00145,,,,,,,
INS00146,,,,,,,
INS00147,,,,,,,
INS00148,,,,,,,
INS00149,,,,,,,
INS00150,,,,,,,
INS00151,,,,,,,
INS00152,,,,,,,
INS00153,,,,,,,
INS00154,,,,,,,
INS00155,,,,,,,
INS00156,,,,,,,
INS00157,,,,,,,
INS00158,,,,,,,
INS00159,,,,,,,
INS00160,,,,,,,
INS00161,,,,,,,
INS00162,,,,,,,
INS00163,,,,,,,
INS00164,,,,,,,
INS00165,,,,,,,
INS00166,,,,,,,
INS00167,,,,,,,
INS00168,,,,,,,
INS00169,,,,,,,
INS00170,,,,,,,
INS00171,,,,,,,
INS00172,,,,,,,
INS00173,,,,,,,
INS00174,,,,,,,
INS00175,,,,,,,
INS00176,,,,,,,
INS00177,,,,,,,
INS00178,,,,,,,
INS00179,,,,,,,
INS00180,,,,,,,
INS00181,,,,,,,
INS00182,,,,,,,
INS00183,,,,,,,
INS00184,,,,,,,
INS00185,,,,,,,
INS00186,,,,,,,
INS00187,,,,,,,
INS00188,,,,,,,
INS00189,,,,,,,
INS00190,,,,,,,
INS00191,,,,,,,
INS00192,,,,,,,
INS00193,,,,,,,
INS00194,,,,,,,
INS00195,,,,,,,
INS00196,,,,,,,
INS00197,,,,,,,
INS00198,,,,,,,
INS00199,,,,,,,
INS00200,,,,,,,
INS00201,,,,,,,
INS00202,,,,,,,
INS00203,,,,,,,
INS00204,,,,,,,
INS00205,,,,,,,
INS00206,,,,,,,
INS00207,,,,,,,
INS00208,,,,,,,
INS00209,,,,,,,
INS00210,,,,,,,
INS00211,,,,,,,
INS00212,,,,,,,
INS00213,,,,,,,
INS00214,,,,,,,
INS00215,,,,,,,
INS00216,,,,,,,
INS00217,,,,,,,
INS00218,,,,,,,
INS00219,,,,,,,
INS00220,,,,,,,
INS00221,,,,,,,
INS00222,,,,,,,
INS00223,,,,,,,
INS00224,,,,,,,
INS00225,,,,,,,
INS00226,,,,,,,
INS00227,,,,,,,
INS00228,,,,,,,
INS00229,,,,,,,
INS00230,,,,,,,
INS00231,,,,,,,
INS00232,,,,,,,
INS00233,,,,,,,
INS00234,,,,,,,
INS00235,,,,,,,
INS00236,,,,,,,
INS00237,,,,,,,
INS00238,,,,,,,
INS00239,,,,,,,
INS00240,,,,,,,
INS00241,,,,,,,
INS00242,,,,,,,
INS00243,,,,,,,
INS00244,,,,,,,
INS00245,,,,,,,
INS00246,,,,,,,
INS00247,,,,,,,
INS00248,,,,,,,
INS00249,,,,,,,
INS00250,,,,,,,
INS00251,,,,,,,
INS00252,,,,,,,
INS00253,,,,,,,
INS00254,,,,,,,
INS00255,,,,,,,
INS00256,,,,,,,
INS00257,,,,,,,
INS00258,,,,,,,
INS00259,,,,,,,
INS00260,,,,,,,
INS00261,,,,,,,
INS00262,,,,,,,
INS00263,,,,,,,
INS00264,,,,,,,
INS00265,,,,,,,
INS00266,,,,,,,
INS00267,,,,,,,
INS00268,,,,,,,
INS00269,,,,,,,
INS00270,,,,,,,
INS00271,,,,,,,
INS00272,,,,,,,
INS00273,,,,,,,
INS00274,,,,,,,
INS00275,,,,,,,
INS00276,,,,,,,
INS00277,,,,,,,
INS00278,,,,,,,
INS00279,,,,,,,
INS00280,,,,,,,
INS00281,,,,,,,
INS00282,,,,,,,
INS00283,,,,,,,
INS00284,,,,,,,
INS00285,,,,,,,
INS00286,,,,,,,
INS00287,,,,,,,
INS00288,,,,,,,
INS00289,,,,,,,
INS00290,,,,,,,
INS00291,,,,,,,
INS00292,,,,,,,
INS00293,,,,,,,
INS00294,,,,,,,
INS00295,,,,,,,
INS00296,,,,,,,
INS00297,,,,,,,
INS00298,,,,,,,
INS00299,,,,,,,
INS00300,,,,,,,
INS00301,,,,,,,
INS00302,,,,,,,
INS00303,,,,,,,
INS00304,,,,,,,
INS00305,,,,,,,
INS00306,,,,,,,
INS00307,,,,,,,
INS00308,,,,,,,
INS00309,,,,,,,
INS00310,,,,,,,
INS00311,,,,,,,
INS00312,,,,,,,
INS00313,,,,,,,
INS00314,,,,,,,
INS00315,,,,,,,
INS00316,,,,,,,
INS00317,,,,,,,
INS00318,,,,,,,
INS00319,,,,,,,
INS00320,,,,,,,
INS00321,,,,,,,
INS00322,,,,,,,
INS00323,,,,,,,
INS00324,,,,,,,
INS00325,,,,,,,
INS00326,,,,,,,
INS00327,,,,,,,
INS00328,,,,,,,
INS00329,,,,,,,
INS00330,,,,,,,
INS00331,,,,,,,
INS00332,,,,,,,
INS00333,,,,,,,
INS00334,,,,,,,
INS00335,,,,,,,
INS00336,,,,,,,
INS00337,,,,,,,
INS00338,,,,,,,
INS00339,,,,,,,
INS00340,,,,,,,
INS00341,,,,,,,
INS00342,,,,,,,
INS00343,,,,,,,
INS00344,,,,,,,
INS00345,,,,,,,
INS00346,,,,,,,
INS00347,,,,,,,
INS00348,,,,,,,
INS00349,,,,,,,
INS00350,,,,,,,
INS00351,,,,,,,
INS00352,,,,,,,
INS00353,,,,,,,
INS00354,,,,,,,
INS00355,,,,,,,
INS00356,,,,,,,
INS00357,,,,,,,
INS00358,,,,,,,
INS00359,,,,,,,
INS00360,,,,,,,
INS00361,,,,,,,
INS00362,,,,,,,
INS00363,,,,,,,
INS00364,,,,,,,
INS00365,,,,,,,
INS00366,,,,,,,
INS00367,,,,,,,
INS00368,,,,,,,
INS00369,,,,,,,
INS00370,,,,,,,
INS00371,,,,,,,
INS00372,,,,,,,
INS00373,,,,,,,
INS00374,,,,,,,
INS00375,,,,,,,
INS00376,,,,,,,
INS00377,,,,,,,
INS00378,,,,,,,
INS00379,,,,,,,
INS00380,,,,,,,
INS00381,,,,,,,
INS00382,,,,,,,
INS00383,,,,,,,
INS00384,,,,,,,
INS00385,,,,,,,
INS00386,,,,,,,
INS00387,,,,,,,
INS00388,,,,,,,
INS00389,,,,,,,
INS00390,,,,,,,
INS00391,,,,,,,
INS00392,,,,,,,
INS00393,,,,,,,
INS00394,,,,,,,
INS00395,,,,,,,
INS00396,,,,,,,
INS00397,,,,,,,
INS00398,,,,,,,
INS00399,,,,,,,
INS00400,,,,,,,
INS00401,,,,,,,
INS00402,,,,,,,
INS00403,,,,,,,
INS00404,,,,,,,
INS00405,,,,,,,
INS00406,,,,,,,
INS00407,,,,,,,
INS00408,,,,,,,
INS00409,,,,,,,
INS00410,,,,,,,
INS00411,,,,,,,
INS00412,,,,,,,
INS00413,,,,,,,
INS00414,,,,,,,
INS00415,,,,,,,
INS00416,,,,,,,
INS00417,,,,,,,
INS00418,,,,,,,
INS00419,,,,,,,
INS00420,,,,,,,
INS00421,,,,,,,
INS00422,,,,,,,
INS00423,,,,,,,
INS00424,,,,,,,
INS00425,,,,,,,
INS00426,,,,,,,
INS00427,,,,,,,
INS00428,,,,,,,
INS00429,,,,,,,
INS00430,,,,,,,
INS00431,,,,,,,
INS00432,,,,,,,
INS00433,,,,,,,
INS00434,,,,,,,
INS00435,,,,,,,
INS00436,,,,,,,
INS00437,,,,,,,
INS00438,,,,,,,
INS00439,,,,,,,
INS00440,,,,,,,
INS00441,,,,,,,
INS00442,,,,,,,
INS00443,,,,,,,
INS00444,,,,,,,
INS00445,,,,,,,
INS00446,,,,,,,
INS00447,,,,,,,
INS00448,,,,,,,
INS00449,,,,,,,
INS00450,AXA Gulf,Basic,Family,0.965,2026-09-26,2028-09-25,Active
